,County,Year,Police Protection_Total,Mental Health_Total,Drug and Alcohol Abuse Services_Total,Population,Police Spending Per Capita,Mental Health Spending Per Capita,Drug and Alcohol Abuse Services Spending Per Capita
0,Alameda,2003,67620724,162111429.0,28910904.0,1467892.0,46.06655258016257,110.43825363173858,19.69552528387647
1,Alpine,2003,1610553,148701.0,500356.0,1248.0,1290.5072115384614,119.1514423076923,400.92628205128204
2,Amador,2003,5715469,1885165.0,849770.0,36656.0,155.92178633784374,51.42855194238324,23.182289393278044
3,Butte,2003,11450959,28935820.0,4019764.0,209389.0,54.68749074688737,138.19169106304534,19.19758917612673
4,Calaveras,2003,5672737,2007571.0,875481.0,42651.0,133.0036107008042,47.069728728517504,20.526623056903706
5,Colusa,2003,3159671,2499952.0,1782027.0,19538.0,161.7192650220084,127.95332173200941,91.20826082505886
6,Contra Costa,2003,78549758,88054807.0,19305613.0,984256.0,79.80622724169322,89.46331747025164,19.614422467325575
7,Del Norte,2003,3004638,3055510.0,654251.0,27744.0,108.29865916955018,110.13228085351788,23.581711361014996
8,El Dorado,2003,19796653,8408390.0,3046411.0,166195.0,119.11701916423479,50.59351966063961,18.33034086464695
9,Glenn,2003,4251992,3594298.0,1447071.0,26974.0,157.6329799065767,133.25046340920886,53.64688218284274
10,Humboldt,2003,10179118,18696775.0,2590703.0,129468.0,78.62265579139246,144.41232582568665,20.010373219637284
11,Imperial,2003,12738280,11720110.0,2119301.0,149041.0,85.4682939593803,78.63681805677632,14.219583872894036
12,Inyo,2003,3932627,3060994.0,702535.0,18461.0,213.02350901901306,165.80867775310114,38.055089106765614
13,Kern,2003,56700193,59119640.0,10021022.0,707111.0,80.18570351755241,83.607297864126,14.171780668098785
14,Kings,2003,7884414,8203505.0,1778267.0,136710.0,57.672547728768926,60.006619852241975,13.007585399751298
15,Lake,2003,7647010,6242206.0,2134868.0,61492.0,124.35780264099395,101.51248942951929,34.71781695179861
16,Lassen,2003,2019785,2870974.0,1361576.0,33828.0,59.70749083599385,84.86975286744709,40.24997043868984
17,Los Angeles,2003,1007572763,945781445.0,149581202.0,9756914.0,103.26756626121742,96.93448615002653,15.330790247818111
18,Madera,2003,8224549,8599753.0,1654343.0,130641.0,62.955343268958444,65.82736660007195,12.663275694460392
19,Marin,2003,18801342,23931544.0,6167598.0,247342.0,76.01354399980593,96.75487381843763,24.935506303013643
20,Mariposa,2003,3282766,1455045.0,592834.0,17612.0,186.3937088348853,82.61668180785828,33.660799454917104
21,Mendocino,2003,7930285,12310381.0,2589596.0,87764.0,90.35920195068593,140.2668634064081,29.506357959983593
22,Modoc,2003,1801129,1273738.0,733498.0,9456.0,190.47472504230117,134.70156514382404,77.56958544839256
23,Monterey,2003,29670460,26684680.0,4819777.0,410276.0,72.31829305150679,65.04080180171397,11.747645487427976
24,Napa,2003,13449003,13194410.0,3747799.0,128683.0,104.5126629003054,102.53421197827218,29.124274379677193
25,Nevada,2003,10772748,4576571.0,2136289.0,95277.0,113.06766585849681,48.034373458442225,22.42187516399551
26,Orange,2003,227689394,155470232.0,38814007.0,2944565.0,77.32530747326005,52.79904909553703,13.181575886421253
27,Riverside,2003,199290902,82587112.0,16006438.0,1730219.0,115.18247227663088,47.732172632481785,9.251105206913113
28,Sacramento,2003,179853799,27998807.0,19185351.0,1307189.0,137.58821333410853,21.41909624392494,14.676799605871837
29,San Benito,2003,3552413,2349221.0,849236.0,55330.0,64.20410265678656,42.458358937285375,15.348563166455811
30,San Diego,2003,184520110,234883823.0,51820773.0,2927216.0,63.036041754349526,80.24137029860455,17.70309160649573
31,San Joaquin,2003,37461159,60203002.0,14573686.0,612295.0,61.181553009578714,98.32352379163639,23.801739357662566
32,San Luis Obispo,2003,19518428,20774740.0,4632359.0,254583.0,76.66823000750246,81.60301355550057,18.19586932356049
33,San Mateo,2003,49817476,71567633.0,17216299.0,704014.0,70.76205302735457,101.65654802319273,24.454483859695973
34,Santa Barbara,2003,39760736,39741898.0,10350096.0,407828.0,97.49388467687358,97.44769363555224,25.37858116657022
35,Santa Cruz,2003,19831732,31552556.0,6450219.0,255368.0,77.65942483004919,123.55720372168791,25.25852495222581
36,Shasta,2003,14342669,18339737.0,3419042.0,170782.0,83.98232249300277,107.38682648054244,20.019920132098232
37,Siskiyou,2003,8465358,6339258.0,1313579.0,44491.0,190.27124586995123,142.48405295453014,29.524600480996156
38,Solano,2003,44119150,38057657.0,4536708.0,407882.0,108.16645500414336,93.30555650899035,11.122599183097073
39,Sonoma,2003,44380422,37558274.0,11168082.0,467139.0,95.00474591074605,80.40063878203276,23.907406574916674
40,Stanislaus,2003,32526451,53649815.0,6344730.0,478283.0,68.00670523518502,112.17169541882107,13.265639799031117
41,Tehama,2003,5512369,6896817.0,1488624.0,57847.0,95.29221912977337,119.2251456428164,25.733815063875394
42,Trinity,2003,2417792,2007615.0,847895.0,13273.0,182.1586679725759,151.25555639267685,63.8811873728622
43,Tulare,2003,23358578,33911642.0,8776200.0,385769.0,60.55068706920463,87.90660213754863,22.74988399793659
44,Ventura,2003,89912232,44349665.0,15070495.0,784632.0,114.59159453093935,56.52288588790669,19.20708688914039
45,Alameda,2004,72540104,167862041.0,27567999.0,1466407.0,49.4679198885439,114.47165827768144,18.799691354446615
46,Alpine,2004,1411586,137872.0,601698.0,1257.0,1122.9801113762928,109.68337311058075,478.67780429594274
47,Amador,2004,6210532,1714272.0,873767.0,36961.0,168.0293282108168,46.380563296447605,23.640242417683503
48,Butte,2004,12669016,30120195.0,3340605.0,211419.0,59.923734385272844,142.46683126871284,15.80087409362451
49,Calaveras,2004,5902700,1856610.0,928659.0,43554.0,135.5260136841622,42.627772420443584,21.32201405152225
50,Colusa,2004,2952782,1610137.0,1144972.0,19933.0,148.13535343400392,80.77745447248282,57.441027441930466
51,Contra Costa,2004,75819659,94886080.0,18531640.0,993958.0,76.28054605929023,95.46286664024034,18.64428879288662
52,Del Norte,2004,2717209,2759741.0,566917.0,28029.0,96.9427735559599,98.46020193371152,20.22608726675943
53,El Dorado,2004,20797287,8571123.0,2693801.0,168984.0,123.07252165885528,50.7215061780997,15.941160109832884
54,Glenn,2004,4278423,4611684.0,1430071.0,27210.0,157.23715545755238,169.4848952590959,52.55681734656376
55,Humboldt,2004,10783742,20334679.0,2843612.0,130712.0,82.500015300814,155.5685705979558,21.754789154783033
56,Imperial,2004,10775006,11906532.0,2022720.0,152420.0,70.69286182915629,78.11659887153917,13.270699383283034
57,Inyo,2004,5692408,3004368.0,687035.0,18533.0,307.14984082447523,162.10910268170292,37.07090055576539
58,Kern,2004,56527173,60205277.0,10463769.0,728872.0,77.55432092328968,82.60061711795761,14.356113281893117
59,Kings,2004,8880312,8834629.0,1629702.0,140688.0,63.12060730126237,62.79589588308882,11.583802456499487
60,Lake,2004,7533979,6331111.0,2554171.0,62307.0,120.917055868522,101.61155247403984,40.99332338260549
61,Lassen,2004,2996516,2669519.0,1510122.0,34313.0,87.32888409640661,77.79905575146446,44.010200215661705
62,Los Angeles,2004,1033691751,950311560.0,157804368.0,9806944.0,105.40406379398108,96.90190542538022,16.09108484763449
63,Madera,2004,8905287,7195897.0,1530546.0,134645.0,66.13900998923094,53.44347729213859,11.367269486427272
64,Marin,2004,19848617,23908061.0,6092468.0,246990.0,80.36202680270456,96.79768816551277,24.66686100651848
65,Mariposa,2004,3213560,1958722.0,111405.0,17818.0,180.35469749691325,109.92939723874733,6.252385228420698
66,Mendocino,2004,8318158,12507371.0,2282764.0,88130.0,94.38509020764779,141.91956201066606,25.902235334165436
67,Modoc,2004,1593334,1291254.0,886638.0,9556.0,166.73650062787777,135.12494767685223,92.78338216827125
68,Monterey,2004,28555545,28403855.0,5052604.0,411544.0,69.38637180957565,69.01778424664191,12.277190288280233
69,Napa,2004,13588790,12259115.0,3643087.0,129814.0,104.67892523148505,94.43600073951961,28.063899117198453
70,Nevada,2004,9150543,6251427.0,2028469.0,96540.0,94.78499067743941,64.75478558110628,21.011694634348455
71,Orange,2004,257792065,153061668.0,37529543.0,2965398.0,86.93337791419566,51.61589371814509,12.655819893316176
72,Riverside,2004,207788419,82308936.0,21768164.0,1814485.0,114.51647106479248,45.362147386172936,11.996882862079323
73,Sacramento,2004,192046018,30521736.0,21318815.0,1331910.0,144.18843465399314,22.91576457868775,16.00619786622219
74,San Benito,2004,3320398,2080205.0,884253.0,55374.0,59.96312348755734,37.566457182071005,15.968739841803012
75,San Diego,2004,199262432,203853434.0,46296090.0,2953703.0,67.46190527619059,69.01622607283129,15.673915082186666
76,San Joaquin,2004,37740221,59718240.0,15178402.0,629787.0,59.92537318172652,94.822916319327,24.100849969910463
77,San Luis Obispo,2004,20011682,21285703.0,4454579.0,257045.0,77.85283510669338,82.80924740804139,17.329957789492113
78,San Mateo,2004,55492650,75104212.0,15392107.0,702254.0,79.02076741463915,106.94736092638846,21.91814784963845
79,Santa Barbara,2004,45005652,44186944.0,9583155.0,410357.0,109.67438596149206,107.67927438791101,23.35321439624522
80,Santa Cruz,2004,20978924,35885667.0,7178600.0,254986.0,82.27480724431929,140.73583255551284,28.152918199430555
81,Shasta,2004,14639482,18679767.0,3555961.0,172729.0,84.7540482489912,108.14493802430397,20.586936762211327
82,Siskiyou,2004,9015158,8158473.0,891697.0,44691.0,201.72200219283525,182.5529301201584,19.9524960282831
83,Solano,2004,45707536,38123109.0,5223977.0,410164.0,111.43722023385767,92.94601427721594,12.736312791956388
84,Sonoma,2004,44907506,35770336.0,13464266.0,469103.0,95.7305879518997,76.25262682182804,28.702152832107235
85,Stanislaus,2004,33338656,51755703.0,5451786.0,486639.0,68.50798230310353,106.35338104837467,11.202936879288343
86,Tehama,2004,5616758,5627031.0,1565177.0,58953.0,95.27518531711702,95.44944277644903,26.549573388970874
87,Trinity,2004,2507141,2317221.0,950650.0,13453.0,186.36296736787332,172.24567011075595,70.66453579127332
88,Tulare,2004,30588556,33952286.0,7983610.0,395127.0,77.41449204939171,85.92752709888214,20.205174538819165
89,Ventura,2004,102473813,42792104.0,14466118.0,792213.0,129.35133985430687,54.01590733805176,18.26038956694727
90,Alameda,2005,76907655,181211420.0,25692084.0,1462736.0,52.5779463963422,123.88525338817121,17.564402598965227
91,Alpine,2005,1546810,178317.0,317451.0,1237.0,1250.452708164915,144.15278900565886,256.6297493936944
92,Amador,2005,7094286,1885961.0,1009361.0,37434.0,189.51450552973233,50.38096382967356,26.96374953251055
93,Butte,2005,12574972,28259152.0,3792756.0,212955.0,59.049902561574044,132.7001103519523,17.81012890047193
94,Calaveras,2005,6683908,2101680.0,996785.0,44348.0,150.71498150987642,47.39063768377379,22.476436366916207
95,Colusa,2005,3607734,1437522.0,985561.0,20374.0,177.07539020320016,70.55668989889074,48.37346618238932
96,Contra Costa,2005,80603616,94955684.0,15881269.0,1001216.0,80.50572104321145,94.84035812452058,15.861980831309127
97,Del Norte,2005,2741249,3598068.0,641414.0,28251.0,97.03192807334254,127.3607305936073,22.704116668436516
98,El Dorado,2005,23279478,8929797.0,2460570.0,171739.0,135.5514938365776,51.9963258199943,14.327380501807976
99,Glenn,2005,4133211,5196580.0,1233242.0,27394.0,150.8801562385924,189.69774403153974,45.01869022413667
100,Humboldt,2005,9852412,21085985.0,2258952.0,131467.0,74.94209193181558,160.3899457658576,17.182654202195227
101,Imperial,2005,12316559,17231635.0,2309263.0,155793.0,79.05720411058263,110.60596432445617,14.82263644708042
102,Inyo,2005,4101268,2325397.0,688403.0,18511.0,221.5584247204365,125.62244071092864,37.18886067743504
103,Kern,2005,60561903,68244000.0,12515498.0,750969.0,80.64501064624505,90.87459002968166,16.665798455062724
104,Kings,2005,9598313,8444195.0,1814466.0,143607.0,66.83736168849708,58.800720020611806,12.634941193674402
105,Lake,2005,8322863,7191732.0,2703273.0,62870.0,132.38210593287738,114.39052012088436,42.9978209002704
106,Lassen,2005,3443077,3227974.0,1529384.0,34552.0,99.64913753183608,93.42365130817319,44.263255383190554
107,Los Angeles,2005,1089177409,954330553.0,149800462.0,9816153.0,110.95766427031037,97.22042362216645,15.26060789802278
108,Madera,2005,8572126,7079888.0,1626114.0,138174.0,62.03863244894119,51.23893062370634,11.768596117938252
109,Marin,2005,18675408,25985598.0,6287297.0,246688.0,75.70456609158127,105.33790861330912,25.48683762485407
110,Mariposa,2005,3718021,1295678.0,568025.0,17965.0,206.95914277762316,72.12234901196771,31.618424714723073
111,Mendocino,2005,8975028,12489606.0,2258336.0,88129.0,101.83966685200105,141.7195928695435,25.625344665206686
112,Modoc,2005,1468041,1730945.0,767257.0,9595.0,153.00062532569046,180.40072954663887,79.96425221469515
113,Monterey,2005,31253586,33942878.0,5228341.0,409557.0,76.31071132955853,82.87705496426626,12.765844558877031
114,Napa,2005,15474950,12641145.0,4095289.0,130472.0,118.60744067692686,96.88779968115765,31.38825954994175
115,Nevada,2005,10714311,6256039.0,1609658.0,97454.0,109.94223941551911,64.19478933650748,16.517105506187534
116,Orange,2005,264848785,147622124.0,38288543.0,2973845.0,89.0593776743576,49.640154076624704,12.8750970544867
117,Riverside,2005,236474284,80622716.0,24679145.0,1895695.0,124.74279037503396,42.52937102223723,13.018520911855546
118,Sacramento,2005,192189733,30652574.0,21297788.0,1350523.0,142.30763415358345,22.696817455163668,15.770029832886964
119,San Benito,2005,4081126,2620434.0,658254.0,55221.0,73.90532587240361,47.45357744336394,11.92035638615744
120,San Diego,2005,209139098,216164846.0,52692212.0,2966783.0,70.49356087047822,72.86169767050708,17.760723315456506
121,San Joaquin,2005,40811791,47516861.0,13981342.0,645059.0,63.26830724011292,73.66281378912626,21.674516594606075
122,San Luis Obispo,2005,22537650,22670261.0,4217347.0,259213.0,86.94644944505099,87.45804029890476,16.269812856608272
123,San Mateo,2005,59882313,79192945.0,13549641.0,700350.0,85.50340972370958,113.07624045120296,19.34695652173913
124,Santa Barbara,2005,48625885,47135781.0,9865437.0,411440.0,118.18463202411044,114.56295207077581,23.977826657592846
125,Santa Cruz,2005,20755329,37908603.0,6428473.0,254783.0,81.46277027902175,148.78780373886798,25.23116926953525
126,Shasta,2005,16979868,19226663.0,3777024.0,173862.0,97.66290506263589,110.58576917325234,21.724264071504987
127,Siskiyou,2005,8927350,9198238.0,852808.0,44865.0,198.9825030647498,205.020349938705,19.00831383038003
128,Solano,2005,47758693,38524705.0,5183775.0,410985.0,116.205440587856,93.73749650230543,12.613051571225228
129,Sonoma,2005,49278344,39436489.0,15476813.0,469734.0,104.90691327432121,83.95493832679772,32.94803654834438
130,Stanislaus,2005,36490435,50952365.0,5384446.0,494144.0,73.84575144087553,103.11238222056728,10.896511947934206
131,Tehama,2005,5903546,5685419.0,1451259.0,59976.0,98.43180605575563,94.79490129385087,24.197328931572628
132,Trinity,2005,2273188,2044515.0,892907.0,13654.0,166.48513256188662,149.7374395781456,65.39526878570382
133,Tulare,2005,30816113,36216327.0,8534292.0,404148.0,76.24957441333373,89.61154577036135,21.11674930965884
134,Ventura,2005,104381340,42613642.0,14923024.0,795962.0,131.13859706870429,53.537281930544424,18.748412612662413
135,Alameda,2006,81348525,188246300.0,22671064.0,1462371.0,55.62782973677678,128.72677316494924,15.502949661884706
136,Alpine,2006,1824346,225219.0,392358.0,1232.0,1480.8003246753246,182.80762987012986,318.4724025974026
137,Amador,2006,7216485,2326993.0,1138366.0,37843.0,190.69537298839944,61.49071162434268,30.081283196363923
138,Butte,2006,13132496,32159189.0,3723555.0,214690.0,61.16957473566538,149.79360473240487,17.343867902557175
139,Calaveras,2006,7510083,2436065.0,1112014.0,45044.0,166.72771068288785,54.08189770002664,24.687283544978243
140,Colusa,2006,3958466,1686608.0,768790.0,20729.0,190.96270924791355,81.3646582083072,37.08765497612041
141,Contra Costa,2006,85671379,98072121.0,16005443.0,1007169.0,85.06157258613004,97.37404646092165,15.891516716658277
142,Del Norte,2006,3007230,3649129.0,714028.0,28296.0,106.2775657336726,128.9627155781736,25.234238054848742
143,El Dorado,2006,26915121,10711577.0,2670054.0,174218.0,154.49104570136265,61.48375598388226,15.325936470399155
144,Glenn,2006,4540145,5673499.0,1336457.0,27628.0,164.3312943390763,205.35322860865787,48.373280729694514
145,Humboldt,2006,10458033,24959538.0,2508299.0,131958.0,79.25273950802529,189.14759241576866,19.008313251185985
146,Imperial,2006,15577722,14704715.0,2165164.0,160088.0,97.30724351606617,91.85394907800709,13.524836340012993
147,Inyo,2006,4346932,2450007.0,705794.0,18442.0,235.7082745906084,132.84931135451686,38.271011820843725
148,Kern,2006,68049778,72924946.0,12653368.0,774062.0,87.91256772713297,94.21072988985378,16.346711245352438
149,Kings,2006,11522384,8840646.0,1965999.0,146045.0,78.89612105857783,60.53371221198945,13.461597452839879
150,Lake,2006,9382078,8225610.0,3046563.0,63449.0,147.86801998455454,129.6412867027061,48.01593405727434
151,Lassen,2006,3166718,3560738.0,1501054.0,34769.0,91.07877707152923,102.41128591561449,43.17219362075412
152,Los Angeles,2006,1183067562,1036582033.0,177132081.0,9798609.0,120.73831724482525,105.78869235419027,18.077268008142788
153,Madera,2006,9414271,8245767.0,1641507.0,141693.0,66.4413273767935,58.19459676907116,11.5849547966378
154,Marin,2006,20801838,27124322.0,6594682.0,246969.0,84.22853880446534,109.82885301394101,26.70246873089335
155,Mariposa,2006,4068260,1469748.0,875849.0,18150.0,224.1465564738292,80.97785123966942,48.25614325068871
156,Mendocino,2006,9499019,13767983.0,2387477.0,87802.0,108.18681806792556,156.80716840163095,27.19160155805107
157,Modoc,2006,1695419,1924889.0,933902.0,9614.0,176.34897025171625,200.21728728936966,97.13979613064281
158,Monterey,2006,34320044,38161844.0,5373322.0,406935.0,84.33790163048153,93.77872141742539,13.204374162949858
159,Napa,2006,17541037,13807496.0,4472289.0,131330.0,133.56458539556843,105.13588669763192,34.05382623924465
160,Nevada,2006,11438550,7209068.0,1679531.0,98068.0,116.63896479993474,73.51091079659012,17.126187951217524
161,Orange,2006,276371743,150787001.0,40451886.0,2973057.0,92.9587771105633,50.7178305024088,13.606158913199444
162,Riverside,2006,258658868,102128820.0,23666664.0,1975913.0,130.90600041601022,51.6869011945364,11.97758403330511
163,Sacramento,2006,218112598,33544361.0,24378062.0,1365214.0,159.7644017714439,24.57077132229819,17.85658658642528
164,San Benito,2006,4671871,2643387.0,564610.0,55025.0,84.90451612903226,48.039745570195365,10.260972285324852
165,San Diego,2006,201202350,216116031.0,49064866.0,2976492.0,67.5971411984309,72.60763039174975,16.48412493633445
166,San Joaquin,2006,45355699,60681081.0,10686269.0,656247.0,69.11376204386458,92.46683184837417,16.28391291693524
167,San Luis Obispo,2006,25253764,24520362.0,4981828.0,260873.0,96.80482073652696,93.99348341913498,19.09675589271408
168,San Mateo,2006,65967250,82433518.0,15723796.0,699347.0,94.3269221144868,117.8721264265093,22.483539644840114
169,Santa Barbara,2006,50712177,54104303.0,9734232.0,412271.0,123.00689837509793,131.23480186576305,23.611246000810148
170,Santa Cruz,2006,22548953,42996437.0,6445159.0,255107.0,88.39017745495028,168.5427565688123,25.264532137495248
171,Shasta,2006,16927298,20552539.0,3795196.0,174747.0,96.86745981333013,117.61311496048573,21.7182326449095
172,Siskiyou,2006,9076228,10782605.0,855604.0,44918.0,202.06215770960418,240.05087047508795,19.04813215192128
173,Solano,2006,55512992,41446602.0,5194914.0,410964.0,135.0799388754246,100.85214763336934,12.640800654071889
174,Sonoma,2006,55378392,43440644.0,15861305.0,469751.0,117.88882195035242,92.47589467611564,33.76534589601725
175,Stanislaus,2006,38118246,53525366.0,5451626.0,500780.0,76.11774831263229,106.8839929709653,10.88626941970526
176,Tehama,2006,6469783,6401698.0,1703919.0,61000.0,106.06201639344262,104.94586885245901,27.933098360655737
177,Trinity,2006,2315061,2306775.0,955962.0,13806.0,167.6851368970013,167.08496305953932,69.2425032594524
178,Tulare,2006,32355909,39414738.0,8870897.0,412239.0,78.48822891575033,95.61137592513082,21.518820393024434
179,Ventura,2006,115381828,46407847.0,14197814.0,799049.0,144.3989392390204,58.07884998291719,17.768389673224046
180,Alameda,2007,106867280,194606813.0,24112330.0,1470622.0,72.66808194083863,132.32959455250906,16.396007947657523
181,Alpine,2007,2106032,310739.0,305294.0,1252.0,1682.1341853035144,248.19408945686902,243.84504792332268
182,Amador,2007,7431677,2703316.0,1205738.0,38025.0,195.44186719263644,71.09312294543064,31.709086127547668
183,Butte,2007,15391145,33997468.0,3902183.0,216401.0,71.12326190729247,157.10402447308468,18.032185618365904
184,Calaveras,2007,8163738,2791232.0,1097360.0,45477.0,179.51355630318622,61.376783868768825,24.129999780108626
185,Colusa,2007,4289296,3265062.0,805161.0,21006.0,204.19384937636866,155.43473293344758,38.33004855755498
186,Contra Costa,2007,95772659,101190853.0,15536002.0,1015672.0,94.29486980048677,99.62946010129254,15.2962787199017
187,Del Norte,2007,3283621,4668141.0,640795.0,28378.0,115.71009232504052,164.49859045739657,22.580696314046094
188,El Dorado,2007,29867660,13514400.0,2578307.0,176226.0,169.48497951494105,76.68788941472882,14.630684461997662
189,Glenn,2007,5422948,5946544.0,1407862.0,27872.0,194.56615958668198,213.35189437428244,50.511696326062
190,Humboldt,2007,12464901,25214433.0,2608901.0,132443.0,94.11521182697463,190.3795066556934,19.698292850509276
191,Imperial,2007,18726350,16039196.0,2224116.0,164707.0,113.69492492729513,97.38017206311814,13.503469797883515
192,Inyo,2007,4857341,2890385.0,636906.0,18434.0,263.4990235434523,156.79640880980796,34.5506129977216
193,Kern,2007,73304055,78475385.0,11790292.0,795982.0,92.09260385285094,98.58939649389056,14.812259573708953
194,Kings,2007,12777546,9625666.0,1868082.0,148933.0,85.79392075631324,64.63084742803811,12.543103274626846
195,Lake,2007,9715320,9048057.0,3390897.0,63890.0,152.06323368289247,141.61929879480357,53.07398653936453
196,Lassen,2007,3459167,3821704.0,1574138.0,35379.0,97.77458379264536,108.02182085417903,44.49356963170242
197,Los Angeles,2007,1328392241,1121004634.0,175719160.0,9780808.0,135.81620669785156,114.61268169255546,17.96570999042206
198,Madera,2007,11565693,10615874.0,1824946.0,145163.0,79.67383561926937,73.13071512713294,12.571702155507946
199,Marin,2007,25234289,29708867.0,7853078.0,248025.0,101.74090918254208,119.78174377582904,31.662445318012296
200,Mariposa,2007,4312447,1806708.0,875420.0,18310.0,235.5241398143091,98.67329328235937,47.811032222829056
201,Mendocino,2007,9725087,17063663.0,2579412.0,87617.0,110.99543467591906,194.75287900749854,29.43962929568463
202,Modoc,2007,1856875,1521050.0,942567.0,9615.0,193.12272490899636,158.19552782111285,98.03088923556942
203,Monterey,2007,35138888,46697746.0,5570329.0,406890.0,86.35967460493008,114.76749490034162,13.690012042566787
204,Napa,2007,20716983,15717963.0,4894634.0,132537.0,156.31093958668146,118.59301930781594,36.9303213442284
205,Nevada,2007,12287428,7047587.0,1642874.0,98408.0,124.86208438338346,71.61599666693765,16.694516705958865
206,Orange,2007,278462392,178682044.0,41615689.0,2977151.0,93.53317718852688,60.01779688030604,13.978360183947673
207,Riverside,2007,296604555,120431365.0,24555592.0,2049902.0,144.69206576704642,58.74981584485502,11.97891021131742
208,Sacramento,2007,220250701,46225012.0,23623610.0,1380172.0,159.58206730755296,33.49221111571601,17.116424619540172
209,San Benito,2007,5190539,3192646.0,853955.0,54948.0,94.46274659678241,58.103042876901796,15.541147994467497
210,San Diego,2007,250188676,214385289.0,44328928.0,2998477.0,83.43858432130712,71.49806018188568,14.783814583203407
211,San Joaquin,2007,51194918,61244430.0,10506031.0,665304.0,76.94966210935151,92.05480502146388,15.791323966186885
212,San Luis Obispo,2007,29172858,25889871.0,5988817.0,262982.0,110.93100668486817,98.44731198332966,22.772725889984866
213,San Mateo,2007,77047693,91304189.0,15597465.0,701838.0,109.77988225202967,130.0929687477737,22.223739666418748
214,Santa Barbara,2007,54333545,59076278.0,10965294.0,414750.0,131.0031223628692,142.4382833031947,26.438321880650996
215,Santa Cruz,2007,23293455,49398520.0,6814833.0,256543.0,90.79746865047964,192.55454251334083,26.5640964672589
216,Shasta,2007,19296559,20918142.0,3852300.0,175546.0,109.92309138345504,119.16045936677565,21.944675469677463
217,Siskiyou,2007,7960962,12105530.0,891615.0,44877.0,177.39514673440738,269.74909196247523,19.86797245805201
218,Solano,2007,58724863,45492064.0,5410927.0,411998.0,142.53676716877266,110.41816707848096,13.133381715445221
219,Sonoma,2007,59580509,45464922.0,15904893.0,471479.0,126.36938018448329,96.43042850264806,33.73404329779269
220,Stanislaus,2007,43315957,53163944.0,5860047.0,505959.0,85.61159501066292,105.07559703454233,11.582059020592578
221,Tehama,2007,7233462,6979833.0,1612383.0,61777.0,117.08988782232869,112.98433073797692,26.100053417938714
222,Trinity,2007,2421861,2437690.0,955721.0,13806.0,175.42090395480227,176.56743444879038,69.22504708097928
223,Tulare,2007,35003135,43573791.0,8348173.0,419842.0,83.37216143215781,103.78616479532776,19.88408258344806
224,Ventura,2007,126800606,50961790.0,13128002.0,803572.0,157.79619747825956,63.41907134643815,16.337057538092417
225,Alameda,2008,108900252,227507505.0,25382684.0,1484085.0,73.37871617865554,153.29816351489302,17.10325486747727
226,Alpine,2008,2878110,603998.0,320928.0,1228.0,2343.7377850162866,491.85504885993487,261.34201954397395
227,Amador,2008,8754565,2738623.0,1005054.0,37975.0,230.53495720868992,72.11647136273865,26.466201448321264
228,Butte,2008,14697476,34073154.0,4082667.0,217801.0,67.48121450314737,156.44167841286313,18.74494148328061
229,Calaveras,2008,9009889,3886214.0,1308997.0,45670.0,197.28243923801182,85.09336544777753,28.662075760893366
230,Colusa,2008,4917667,3943840.0,690156.0,21145.0,232.56878694726885,186.5140695199811,32.63920548593048
231,Contra Costa,2008,93186434,112893400.0,15988786.0,1027264.0,90.71322853716279,109.89716372811662,15.56443718459909
232,Del Norte,2008,3721761,5406916.0,753871.0,28526.0,130.46908083853327,189.54343406015565,26.427504732524714
233,El Dorado,2008,31315481,16366498.0,3427173.0,177897.0,176.0315294805421,91.99985384801317,19.264928582269516
234,Glenn,2008,5829512,6426487.0,1383406.0,28066.0,207.70726145514146,228.97765980189553,49.29117081165823
235,Humboldt,2008,13228912,24469375.0,2491873.0,132931.0,99.51713294867263,184.07576110914684,18.745612385372862
236,Imperial,2008,18357692,16934573.0,2641942.0,168495.0,108.95095996913855,100.50489925517077,15.679646280305054
237,Inyo,2008,5447218,3413793.0,700262.0,18416.0,295.7872502172024,185.3710360556038,38.02465247610773
238,Kern,2008,92039735,84572903.0,12559640.0,812830.0,113.23368355006582,104.04746749012709,15.45174267682049
239,Kings,2008,12727535,10745776.0,2450060.0,151106.0,84.22918348708853,71.11415827300041,16.214180773761466
240,Lake,2008,10790255,6969175.0,4174822.0,64178.0,168.1301224718751,108.5913397114276,65.05067156969677
241,Lassen,2008,3592690,5213580.0,1356974.0,35437.0,101.38245336794876,147.12249908287947,38.29257555662161
242,Los Angeles,2008,1486912376,1202206272.0,179639548.0,9785474.0,151.95098121971404,122.85621238174053,18.35777684351315
243,Madera,2008,12405060,12746495.0,2421798.0,147958.0,83.84176590654104,86.14941402289838,16.36814501412563
244,Marin,2008,27892780,32849462.0,7091033.0,249546.0,111.77410176881216,131.6369006115105,28.41573497471408
245,Mariposa,2008,5464602,2297514.0,812065.0,18381.0,297.29622980251344,124.99396115554104,44.17958761764866
246,Mendocino,2008,10615319,19553830.0,2774997.0,87715.0,121.02056660776378,222.92458530467994,31.636515989283474
247,Modoc,2008,2114424,1761823.0,813280.0,9607.0,220.0920162381597,183.3895076506714,84.65493910690122
248,Monterey,2008,38561460,52880257.0,5631623.0,409387.0,94.1931717421413,129.16936053172182,13.756233099732038
249,Napa,2008,21450112,18997012.0,4507585.0,133969.0,160.11250363890153,141.8015511051064,33.64647791653293
250,Nevada,2008,13515972,9558980.0,1935637.0,98581.0,137.10524340390137,96.96574390602652,19.63499051541372
251,Orange,2008,310886994,195162415.0,43283492.0,2990648.0,103.95305432133772,65.25756792507845,14.472947668866412
252,Riverside,2008,341423230,123545172.0,24086921.0,2102741.0,162.3705582380331,58.754345875217155,11.455010864390811
253,Sacramento,2008,235782005,51784477.0,23284962.0,1394510.0,169.0787480907272,37.13453255982388,16.6975941370087
254,San Benito,2008,5710996,4110910.0,807767.0,55022.0,103.79477299989095,74.71393260877467,14.680800407109883
255,San Diego,2008,272824792,240113316.0,47206537.0,3032689.0,89.96134849303704,79.17505421756071,15.565901086461553
256,San Joaquin,2008,57302142,67197660.0,9788099.0,672492.0,85.20865973126818,99.92335968308916,14.554967196635797
257,San Luis Obispo,2008,30861026,30075207.0,5437000.0,265505.0,116.23519707726784,113.2754825709497,20.477957100619573
258,San Mateo,2008,75090829,100956367.0,16966752.0,707820.0,106.08746432708881,142.63000056511544,23.97043316097313
259,Santa Barbara,2008,59879920,65553378.0,11039556.0,418309.0,143.14757750849253,156.71041741870243,26.390911981334373
260,Santa Cruz,2008,26026071,54053326.0,6915424.0,258737.0,100.58890301734966,208.91223906901604,26.727619165407344
261,Shasta,2008,20452176,20758461.0,3580275.0,176240.0,116.04729913753972,117.78518497503404,20.314769632319564
262,Siskiyou,2008,9168125,15780263.0,829234.0,44952.0,203.95366168357359,351.046961203061,18.44709912795871
263,Solano,2008,61594593,48250520.0,5368178.0,412908.0,149.17268011276119,116.85537698470361,13.000905770777026
264,Sonoma,2008,61993694,43337172.0,16883130.0,474819.0,130.56279129520934,91.27093060724192,35.556980659998864
265,Stanislaus,2008,48115020,56901039.0,5766789.0,509389.0,94.45633886872312,111.70449106674859,11.320992404625935
266,Tehama,2008,7508729,7340211.0,1629519.0,62365.0,120.3997274112082,117.69760282209573,26.128742082899063
267,Trinity,2008,2841373,2645018.0,845290.0,13759.0,206.51013881822806,192.2391162148412,61.43542408605276
268,Tulare,2008,37610378,46558256.0,9290985.0,427531.0,87.97111320582601,108.90030430541879,21.73172237802639
269,Ventura,2008,135627970,52925021.0,13578133.0,808970.0,167.65512936202825,65.42272395762512,16.784470375910107
270,Alameda,2009,101192471,249402149.0,25555123.0,1497799.0,67.56078152008381,166.51242857018866,17.06178399104286
271,Alpine,2009,2255451,742876.0,412753.0,1194.0,1888.9874371859296,622.1742043551088,345.6892797319933
272,Amador,2009,8865401,3145984.0,682744.0,37884.0,234.01438602048358,83.04255094498997,18.02196177805934
273,Butte,2009,16194830,38607619.0,4032632.0,218887.0,73.98717146290095,176.38150735310913,18.42335086140337
274,Calaveras,2009,8622770,4104155.0,1569345.0,45632.0,188.9632275596073,89.94028313464236,34.39132626227209
275,Colusa,2009,5349299,4075822.0,649209.0,21221.0,252.0757268743226,192.06550115451674,30.592761886810234
276,Contra Costa,2009,95989582,126833224.0,15237009.0,1038390.0,92.44078043894876,122.14411155731469,14.673686187270679
277,Del Norte,2009,3830987,4784376.0,556884.0,28565.0,134.11472081218275,167.49084544022406,19.4953264484509
278,El Dorado,2009,34113993,15103539.0,3066603.0,179150.0,190.42139547864917,84.30666480602846,17.117516048004465
279,Glenn,2009,5704551,6424347.0,1146930.0,28088.0,203.09566362859584,228.72212332668755,40.833452007974934
280,Humboldt,2009,14857920,29358897.0,2602910.0,133484.0,111.30862125797849,219.94319169338647,19.499790237032155
281,Imperial,2009,17752704,17225868.0,2035783.0,171670.0,103.4118017125881,100.34291372983049,11.858699831071242
282,Inyo,2009,5393004,3144728.0,757352.0,18416.0,292.8433970460469,170.7606429192007,41.124674196351
283,Kern,2009,86216537,85818191.0,14703633.0,825503.0,104.4412158405239,103.9586664130839,17.81172569936148
284,Kings,2009,13756137,11945291.0,2342255.0,151816.0,90.6105878168309,78.68268825420246,15.428248669441956
285,Lake,2009,10968137,7207869.0,4121585.0,64384.0,170.35501056163022,111.95124565109344,64.01567159542743
286,Lassen,2009,3637915,5857591.0,1293999.0,34947.0,104.09806278078233,167.61355767304775,37.02747016911323
287,Los Angeles,2009,1517310400,1355010557.0,181648313.0,9801096.0,154.81027836070578,138.25092183568043,18.533469420154645
288,Madera,2009,13375150,12241753.0,2004581.0,149632.0,89.3869626817793,81.8123997540633,13.39674000213858
289,Marin,2009,27325438,33092574.0,6198998.0,250760.0,108.970481735524,131.9691099058861,24.720840644440898
290,Mariposa,2009,5168775,2828683.0,859046.0,18334.0,281.92293007527,154.28618959310572,46.855350714519474
291,Mendocino,2009,10623511,19819020.0,3034127.0,87677.0,121.16645186308838,226.04582729792307,34.60573468526523
292,Modoc,2009,1817610,1880356.0,763930.0,9628.0,188.78375571250518,195.30078936435396,79.34461985874533
293,Monterey,2009,39179391,54959296.0,6160541.0,412233.0,95.04185982199387,133.32095198589147,14.944317897887846
294,Napa,2009,23525962,19421420.0,4388905.0,135225.0,173.9764244777223,143.6229987058606,32.45631355148826
295,Nevada,2009,14244235,12552444.0,1578988.0,98558.0,144.5264209906857,127.36098540960653,16.020901398161488
296,Orange,2009,293824509,216012539.0,36225705.0,3006995.0,97.71366729908098,71.83668047336295,12.047145073403847
297,Riverside,2009,368872711,143552155.0,24483603.0,2140626.0,172.3200180694806,67.06082940224027,11.437590218935956
298,Sacramento,2009,236328197,60660020.0,23684295.0,1406168.0,168.0654068361675,43.138529677819434,16.843147475977265
299,San Benito,2009,5586494,4136798.0,1233438.0,55068.0,101.44719256192344,75.12163143749547,22.39845282196557
300,San Diego,2009,270264874,262693130.0,47644983.0,3064436.0,88.19400176737253,85.72315754024558,15.54771677398386
301,San Joaquin,2009,59273079,71021582.0,10091999.0,677833.0,87.44495915660642,104.77740387381553,14.888621533622588
302,San Luis Obispo,2009,26886614,32544512.0,5092502.0,267537.0,100.49680604925673,121.64490145288315,19.034757809200222
303,San Mateo,2009,79329328,110335046.0,16619600.0,713818.0,111.1338296316428,154.570277017391,23.282685502467015
304,Santa Barbara,2009,59327395,58287918.0,9962055.0,421197.0,140.85426771795622,138.38635602817683,23.65177102401014
305,Santa Cruz,2009,26683366,49500822.0,7324222.0,260892.0,102.27744047345261,189.73683363230762,28.07376998911427
306,Shasta,2009,19915040,21181851.0,3774572.0,176756.0,112.66966892212994,119.83667315395235,21.35470365928172
307,Siskiyou,2009,9002218,14517390.0,907730.0,44996.0,200.06707262867812,322.63734554182594,20.173570984087476
308,Solano,2009,64369438,48179860.0,5039909.0,412832.0,155.92162913727617,116.70573017595535,12.20813551275095
309,Sonoma,2009,62159915,42972922.0,16883130.0,478622.0,129.8726656944311,89.78467767883633,35.27445458002349
310,Stanislaus,2009,48884458,53245511.0,6338195.0,511226.0,95.62201061761334,104.15258809215494,12.398029442946955
311,Tehama,2009,7488008,7976780.0,1705132.0,62921.0,119.00650021455476,126.774526787559,27.099569301187202
312,Trinity,2009,2346714,2769849.0,530860.0,13750.0,170.67010909090908,201.44356363636365,38.608
313,Tulare,2009,38533917,48362592.0,8602102.0,434933.0,88.5973632720442,111.19549907686931,19.777993392085676
314,Ventura,2009,138623556,55340539.0,14221043.0,815284.0,170.03100269353993,67.87884835223063,17.443054199518205
315,Alameda,2010,112546150,273464378.0,26445657.0,1509240.0,74.5714068007739,181.19343378124088,17.522499403673372
316,Alpine,2010,2250926,467357.0,320581.0,1178.0,1910.8030560271648,396.7376910016978,272.14006791171477
317,Amador,2010,8655324,3520512.0,569010.0,38011.0,227.70576938254715,92.61824208781668,14.969614059088158
318,Butte,2010,15768840,40836680.0,3689432.0,219967.0,71.68729854932785,185.64912009528703,16.772661353748518
319,Calaveras,2010,8640705,4026797.0,1170690.0,45602.0,189.48083417393974,88.3030788123328,25.671900355247576
320,Colusa,2010,5175879,4667775.0,608735.0,21380.0,242.0897567820393,218.32436856875586,28.472170252572496
321,Contra Costa,2010,87882365,134754874.0,13435666.0,1047948.0,83.86137957226886,128.58927542206294,12.820928137655685
322,Del Norte,2010,4016979,3893337.0,545801.0,28581.0,140.54718169413246,136.22116091109478,19.096637626395157
323,El Dorado,2010,30693217,11642001.0,1570619.0,180682.0,169.87423761083008,64.43365138752061,8.692725340653745
324,Glenn,2010,5524778,6048668.0,883276.0,28120.0,196.47147937411094,215.10199146514935,31.41095305832148
325,Humboldt,2010,13949456,26704324.0,1849426.0,134353.0,103.82690375354477,198.76239458739292,13.76542392056746
326,Imperial,2010,17473911,22162290.0,2403221.0,174244.0,100.28414751727463,127.1911227933243,13.792274052478135
327,Inyo,2010,5639227,3487913.0,663984.0,18525.0,304.41171390013494,188.28140350877192,35.842591093117406
328,Kern,2010,83343711,82345274.0,10467811.0,837074.0,99.565523478211,98.37275318550093,12.50523968012386
329,Kings,2010,12938740,11542270.0,1525465.0,152717.0,84.72363914953803,75.57947052391025,9.988835558582213
330,Lake,2010,10749978,7701751.0,1946162.0,64580.0,166.45986373490246,119.25907401672345,30.135676680086714
331,Lassen,2010,3516125,4816401.0,1065499.0,34794.0,101.05549807438064,138.42619417140887,30.623067195493476
332,Los Angeles,2010,1530380504,1316062288.0,154811626.0,9822121.0,155.8095755489064,133.98962281161064,15.761527067320795
333,Madera,2010,13284948,10510221.0,1468278.0,150749.0,88.12627612786818,69.72000477615109,9.739885505044809
334,Marin,2010,26627882,32288829.0,5499138.0,252279.0,105.54934021460367,127.98857217604319,21.797842864447695
335,Mariposa,2010,5012767,3502089.0,778981.0,18277.0,274.2664003939377,191.61180718936367,42.62083492914592
336,Mendocino,2010,11284022,20847657.0,2843147.0,87807.0,128.50936713473868,237.42591137380847,32.37950277312743
337,Modoc,2010,2156884,2203103.0,685422.0,9666.0,223.14132009104077,227.9229257190151,70.91061452513966
338,Monterey,2010,38839644,57995017.0,805920.0,415108.0,93.56515412856413,139.71067047611706,1.9414706534203148
339,Napa,2010,23561923,19357565.0,4163157.0,136316.0,172.84781683734852,142.0050837759324,30.54048681005898
340,Nevada,2010,14773178,13626892.0,1526298.0,98682.0,149.7048904562129,138.08893212541295,15.466832857055998
341,Orange,2010,287067311,220980784.0,27807709.0,3025097.0,94.895241706299,73.04915644027282,9.192336311860412
342,Riverside,2010,344379154,125298422.0,20922485.0,2179692.0,157.99441113698632,57.484462024909945,9.598826347942737
343,Sacramento,2010,175950676,155250917.0,20320453.0,1417259.0,124.14856846913655,109.54308069308432,14.337854266580774
344,San Benito,2010,5692057,4700954.0,1218815.0,55272.0,102.98264944275583,85.05127370096974,22.051219423939788
345,San Diego,2010,233490125,263344488.0,41211856.0,3091579.0,75.52455395770252,85.1812255161521,13.33035837026969
346,San Joaquin,2010,58381820,65462477.0,7936437.0,684057.0,85.34642580954511,95.69740094758185,11.60201123590578
347,San Luis Obispo,2010,27604120,33423020.0,4311298.0,269333.0,102.49067139934579,124.0955248706991,16.007314365488075
348,San Mateo,2010,85226667,111082928.0,16443889.0,718614.0,118.59867327939617,154.57940980832547,22.882784081579263
349,Santa Barbara,2010,59153453,60565527.0,8316170.0,423740.0,139.59846368055884,142.9308703450229,19.62564308302261
350,Santa Cruz,2010,24860328,47437681.0,6776087.0,262552.0,94.68725433437947,180.67918355221062,25.808552210609708
351,Shasta,2010,20340820,20601205.0,3294478.0,177248.0,114.7590946019137,116.22813797616898,18.586827495937897
352,Siskiyou,2010,9332427,16725843.0,590192.0,44962.0,207.5625417018816,371.9995329389262,13.12646234598105
353,Solano,2010,61276280,44756153.0,4903513.0,413268.0,148.27250113727655,108.29813341463651,11.865213372436289
354,Sonoma,2010,65170051,44105028.0,15317339.0,482961.0,134.93853748025202,91.32213160068825,31.715478061375556
355,Stanislaus,2010,42702235,52505665.0,5178291.0,514003.0,83.07779332027245,102.15050301262833,10.07443730873166
356,Tehama,2010,7504344,9213955.0,1186608.0,63418.0,118.33145163833612,145.2892711848371,18.710902267495033
357,Trinity,2010,2448216,3529584.0,557322.0,13811.0,177.26565780899284,255.56324668742306,40.35348635145898
358,Tulare,2010,37484865,47920554.0,6904982.0,441245.0,84.95249804530363,108.60305272580993,15.648861743475846
359,Ventura,2010,135781940,50030477.0,14261942.0,822108.0,165.16314158237117,60.8563315282177,17.348015102638584
360,Alameda,2011,114211130,286613208.0,23739839.0,1525457.0,74.87010777753814,187.88678278050446,15.562443910251158
361,Alpine,2011,2251840,677199.0,249764.0,1169.0,1926.2959794696321,579.2976903336184,213.65611633875108
362,Amador,2011,8755031,3641466.0,553308.0,37716.0,232.13042210202568,96.54963410754057,14.670378619153675
363,Butte,2011,14029687,40568526.0,3306435.0,220711.0,63.565871207144184,183.8083557230949,14.980834666147134
364,Calaveras,2011,7652497,4212414.0,937866.0,45540.0,168.03902064119455,92.49920948616601,20.59433465085639
365,Colusa,2011,5248839,4721590.0,446897.0,21520.0,243.90515799256505,219.4047397769517,20.766589219330854
366,Contra Costa,2011,101834557,141385608.0,14261198.0,1059557.0,96.1105037293888,133.4384162437698,13.459585468266456
367,Del Norte,2011,3930500,4121823.0,548649.0,28363.0,138.57842964425484,145.32394316539154,19.34382822691535
368,El Dorado,2011,29894975,14026822.0,1744131.0,181227.0,164.95872579692872,77.39918444823343,9.624012978198612
369,Glenn,2011,5399291,5788270.0,1063995.0,28234.0,191.23365445916272,205.01062548700148,37.684883473825884
370,Humboldt,2011,14846732,24980873.0,1898620.0,135691.0,109.41574607011519,184.10117841271713,13.992232351445564
371,Imperial,2011,18456769,24966270.0,1990742.0,176355.0,104.65690794136826,141.56825720847155,11.288265147004621
372,Inyo,2011,6449388,3448417.0,772295.0,18550.0,347.67590296495956,185.89849056603774,41.633153638814015
373,Kern,2011,86260143,80828877.0,10655511.0,845564.0,102.0149190362882,95.5916725404582,12.601661139783623
374,Kings,2011,11907367,12521832.0,1124862.0,151336.0,78.68165538933235,82.74192525241845,7.43287783475181
375,Lake,2011,10438256,7979814.0,1908493.0,64821.0,161.03201123092825,123.10538251492572,29.442510914672713
376,Lassen,2011,3469373,5042111.0,913483.0,34653.0,100.1175367212074,145.50287132427206,26.360863417308746
377,Los Angeles,2011,1504588767,1357450012.0,163168998.0,9871802.0,152.41277803181222,137.50782400214266,16.52879565453197
378,Madera,2011,12427455,12531120.0,1071505.0,151185.0,82.20031749181466,82.88600059529715,7.087376393160697
379,Marin,2011,27747246,35394031.0,6068895.0,254091.0,109.20200243219949,139.2966732391151,23.884730273799544
380,Mariposa,2011,4954960,4341418.0,785790.0,18251.0,271.4897813818421,237.8728836776067,43.05462714371815
381,Mendocino,2011,10648380,19153689.0,2419027.0,87442.0,121.77649184602365,219.0444980672903,27.664360376020678
382,Modoc,2011,1733728,2563197.0,681492.0,9718.0,178.4037867874048,263.7576661864581,70.126775056596
383,Monterey,2011,37392911,51571604.0,4191496.0,417892.0,89.47984407454558,123.40892862270634,10.030093899859294
384,Napa,2011,23968764,19852243.0,4160349.0,136901.0,175.08100013878644,145.01167266857072,30.389471223731018
385,Nevada,2011,14808540,16294367.0,1458464.0,98429.0,150.44895305245404,165.5443720854626,14.817421694825711
386,Orange,2011,290832184,241927474.0,21484562.0,3034764.0,95.83354224578913,79.71871091129327,7.079483610587182
387,Riverside,2011,352868780,137921457.0,20818701.0,2212675.0,159.47610019546477,62.33245144451851,9.408838170992125
388,Sacramento,2011,186893535,166843510.0,20222693.0,1429290.0,130.75970236970804,116.73174093431004,14.148768269560412
389,San Benito,2011,9282700,4432510.0,986240.0,55661.0,166.77206661755986,79.63403460232479,17.718689926519467
390,San Diego,2011,277915539,291562059.0,39012850.0,3119963.0,89.07654962574877,93.45048611153402,12.504266877523868
391,San Joaquin,2011,55116390,68580501.0,7300157.0,691689.0,79.6837740660904,99.14933011801547,10.554103072334533
392,San Luis Obispo,2011,27969114,34903833.0,4413823.0,270024.0,103.58010399075637,129.26196560305752,16.34603961129381
393,San Mateo,2011,97472533,105393198.0,15371255.0,726326.0,134.19942697907,145.1045370811454,21.16302459226298
394,Santa Barbara,2011,61685133,61485751.0,8572051.0,424400.0,145.3466847313855,144.87688737040529,20.198046654099905
395,Santa Cruz,2011,24385619,48400879.0,6198823.0,264802.0,92.0900106494664,182.78139515562572,23.409275609700835
396,Shasta,2011,19008142,23588495.0,3235991.0,177603.0,107.026018704639,132.8158589663463,18.22036226865537
397,Siskiyou,2011,8985936,12655776.0,637112.0,44964.0,199.8473445423005,281.46463837736854,14.169379948403167
398,Solano,2011,60138543,45557223.0,5181515.0,413527.0,145.42833478829678,110.16746911326226,12.530052451230512
399,Sonoma,2011,61660340,47872735.0,13031460.0,485538.0,126.99385012089682,98.5972982547195,26.839217527773314
400,Stanislaus,2011,34575963,55780099.0,4847159.0,517628.0,66.79693331890856,107.7609769950621,9.36417465824878
401,Tehama,2011,7291801,9598285.0,1142426.0,63529.0,114.77909301263989,151.08509499598608,17.982748036329866
402,Trinity,2011,2528925,3258791.0,539551.0,13751.0,183.90844302232566,236.9857464911643,39.23721911133736
403,Tulare,2011,37497826,48044186.0,7234244.0,445549.0,84.16094750521268,107.83143043750519,16.236696749403546
404,Ventura,2011,144354056,47752433.0,16529647.0,829563.0,174.01216785223062,57.56335926264792,19.92572836541649
405,Alameda,2012,118340656,297303972.0,22341496.0,1543365.0,76.67703751218927,192.63361032549008,14.475834297136451
406,Alpine,2012,2634918,787699.0,434408.0,1166.0,2259.7924528301887,675.5566037735849,372.56260720411666
407,Amador,2012,8651005,3802445.0,579549.0,37651.0,229.76826644710633,100.99187272582401,15.392658893522084
408,Butte,2012,13466204,43858820.0,3679888.0,221100.0,60.9054907281773,198.36644052464948,16.643545906829488
409,Calaveras,2012,7396865,4697548.0,1068450.0,45496.0,162.58275452787058,103.25189027606822,23.484482152277124
410,Colusa,2012,5463678,4668096.0,351126.0,21619.0,252.7257504972478,215.925620981544,16.24154678754799
411,Contra Costa,2012,104064144,140675306.0,12005404.0,1070440.0,97.21623257725795,131.41820746608872,11.215391801502186
412,Del Norte,2012,3533841,4611854.0,530665.0,28211.0,125.26464854134912,163.4771543015136,18.810570344900924
413,El Dorado,2012,30296621,14428322.0,1540907.0,181187.0,167.21189158162562,79.63221423170536,8.504511913106349
414,Glenn,2012,5098105,5547623.0,1107705.0,28312.0,180.0686987849675,195.94599463125178,39.12492935857587
415,Humboldt,2012,14133157,27788772.0,1741264.0,135336.0,104.4301368445942,205.33170774960098,12.866229236862328
416,Imperial,2012,18219142,26871024.0,2267526.0,178933.0,101.82102798254095,150.17366276762812,12.67248634963925
417,Inyo,2012,6277135,3471431.0,718563.0,18543.0,338.5177695087095,187.20978266731382,38.75117294936094
418,Kern,2012,89752120,87801160.0,11966035.0,853807.0,105.11991585920471,102.83490296987493,14.014917891279879
419,Kings,2012,11214449,12340723.0,1095035.0,151383.0,74.07997595502798,81.5198734336088,7.233540093669698
420,Lake,2012,9465194,8427778.0,1737388.0,64729.0,146.22802762285838,130.2009609294134,26.840952277958873
421,Lassen,2012,4490651,5477828.0,794206.0,33893.0,132.49493995810343,161.62121972088633,23.43274422447113
422,Los Angeles,2012,1552804835,1496940830.0,177076549.0,9949794.0,156.06401851133802,150.4494294052721,17.797006551090405
423,Madera,2012,12511477,12646731.0,1015651.0,151379.0,82.65001750573064,83.54349678621209,6.709325599984146
424,Marin,2012,28198057,35191358.0,6065353.0,255992.0,110.1521024094503,137.47053814181695,23.69352557892434
425,Mariposa,2012,5064027,3447613.0,676663.0,18249.0,277.4961367746178,188.92065318647596,37.07945640857033
426,Mendocino,2012,10652140,15797746.0,1774523.0,87654.0,121.52485910511786,180.2284664704406,20.24463230428731
427,Modoc,2012,1816480,2969450.0,616325.0,9659.0,188.06087586706698,307.42830520757843,63.8083652552024
428,Monterey,2012,35430522,52097074.0,3979804.0,423072.0,83.7458446789199,123.13997144694048,9.40691891687467
429,Napa,2012,25525861,18794414.0,3920892.0,138120.0,184.80930350419925,136.07308137851143,28.387576020851434
430,Nevada,2012,14429022,15766036.0,1589402.0,98130.0,147.0398654845613,160.66479160297564,16.1969020686844
431,Orange,2012,305315675,238650342.0,24013335.0,3068570.0,99.49770577174384,77.77249402816295,7.825578363863298
432,Riverside,2012,345243193,170771264.0,21698483.0,2240166.0,154.1150044237793,76.23152212827085,9.686104958293269
433,Sacramento,2012,189368345,169260539.0,20032455.0,1440656.0,131.44591422240978,117.48851842493976,13.905092541175687
434,San Benito,2012,6204714,5117818.0,1139557.0,55775.0,111.24543254146123,91.75827879874495,20.431322277005826
435,San Diego,2012,304001717,288447554.0,50839292.0,3153521.0,96.40072699690283,91.46841070663554,16.12143759309039
436,San Joaquin,2012,56566287,74006180.0,8778753.0,698555.0,80.97613931615979,105.94180844743792,12.56701762924895
437,San Luis Obispo,2012,27878918,35344792.0,4885595.0,271504.0,102.68326801815074,130.18147798927455,17.99455993281867
438,San Mateo,2012,99049965,109817031.0,15793385.0,735206.0,134.72409773587268,149.36906254845582,21.481577952301805
439,Santa Barbara,2012,65808644,63835759.0,8741046.0,428194.0,153.68885131505812,149.08139534883722,20.4137517106732
440,Santa Cruz,2012,24482145,48097097.0,5660468.0,267234.0,91.6131368014549,179.98120373904518,21.18169095249856
441,Shasta,2012,20656945,26664399.0,3220362.0,177591.0,116.3175217212584,150.14499045559742,18.13358785073568
442,Siskiyou,2012,8670165,8287107.0,454283.0,44841.0,193.35351575567003,184.81093195959056,10.130973885506569
443,Solano,2012,60219364,47740840.0,6110086.0,416133.0,144.71182049969602,114.72495572329039,14.683012402284847
444,Sonoma,2012,66253267,51845893.0,10247750.0,487954.0,135.77769011013334,106.25159953602184,21.00146735143067
445,Stanislaus,2012,32347555,60891900.0,5297709.0,521675.0,62.00710212296928,116.7238223031581,10.155190492164662
446,Tehama,2012,7699289,8143448.0,1407819.0,63590.0,121.07704041515962,128.06177071866645,22.13899984274257
447,Trinity,2012,2662011,3414996.0,545294.0,13740.0,193.74170305676856,248.54410480349344,39.68660844250364
448,Tulare,2012,40084792,48550031.0,6964691.0,450599.0,88.95890137350504,107.74553649697403,15.456516769899622
449,Ventura,2012,143011229,43151706.0,16678987.0,834487.0,171.3762215588739,51.71045924022783,19.98711423904746
450,Alameda,2013,127499852,304784421.0,25351714.0,1567167.0,81.35690197662406,194.48113761966658,16.176778862750428
451,Alpine,2013,2671745,1008523.0,256778.0,1164.0,2295.3135738831616,866.4286941580756,220.5996563573883
452,Amador,2013,8485586,4610683.0,611668.0,37304.0,227.4712095217671,123.59754986060476,16.39684752305383
453,Butte,2013,13698920,44389202.0,4473741.0,222185.0,61.655467290771206,199.78487296622185,20.135207147197157
454,Calaveras,2013,7895150,4690101.0,960592.0,45424.0,173.81010038746038,103.25160707995774,21.147234941880946
455,Colusa,2013,5330896,5247593.0,479316.0,21698.0,245.68605401419487,241.8468522444465,22.090330906074293
456,Contra Costa,2013,95542526,125361277.0,10534267.0,1083937.0,88.1439843828562,115.65365607041738,9.718523309011502
457,Del Norte,2013,3502618,4720791.0,482993.0,27792.0,126.02972078295913,169.86150690846287,17.378850028785262
458,El Dorado,2013,29114809,14071265.0,2240412.0,180729.0,161.0964980716985,77.85836805382645,12.39652739737397
459,Glenn,2013,5311040,6159273.0,1015906.0,28424.0,186.850548831973,216.6926892766676,35.74113425274416
460,Humboldt,2013,14351845,27826262.0,1747821.0,135021.0,106.29342842965168,206.08840106353827,12.94480858533117
461,Imperial,2013,18633417,27888189.0,2397520.0,180179.0,103.41614172572831,154.78046276203108,13.306323156416674
462,Inyo,2013,6344153,3768327.0,716812.0,18557.0,341.87384814355767,203.06768335399042,38.627579888990674
463,Kern,2013,99246960,94374873.0,11730407.0,863724.0,114.9058727093377,109.26508120649652,13.581198392078951
464,Kings,2013,13134936,14430753.0,929490.0,150498.0,87.27648207949608,95.88667623490014,6.176095363393533
465,Lake,2013,9627501,8305268.0,1673727.0,64763.0,148.65742785232308,128.24094004292576,25.84387690502293
466,Lassen,2013,4368294,5990769.0,772826.0,32795.0,133.2,182.6732428723891,23.56536057325812
467,Los Angeles,2013,1606687356,1572960136.0,187877576.0,10020599.0,160.33845441774488,156.97266560611797,18.74913625422991
468,Madera,2013,13028986,12577120.0,1001463.0,151338.0,86.09196632702957,83.1061597219469,6.617392855726916
469,Marin,2013,29368407,36710191.0,6262440.0,257522.0,114.04232259768098,142.55166937193715,24.318077678800258
470,Mariposa,2013,5147593,3104782.0,443581.0,18195.0,282.9125034350096,170.63929651003022,24.379280021984062
471,Mendocino,2013,11094429,16090757.0,1618039.0,88206.0,125.77862050200666,182.4224769290071,18.34386549667823
472,Modoc,2013,1830184,2601052.0,556497.0,9646.0,189.73501969728386,269.6508397263114,57.69199668256272
473,Monterey,2013,34866328,60196557.0,4148163.0,427147.0,81.62606315858476,140.92702746361323,9.711324204547848
474,Napa,2013,26108288,21543331.0,4406369.0,138838.0,188.0485745977326,155.16883706189947,31.73748541465593
475,Nevada,2013,13692859,16701434.0,1510353.0,97773.0,140.04744663659702,170.81846726601412,15.447546868767452
476,Orange,2013,345772927,236578845.0,24510722.0,3102152.0,111.46227747705464,76.26281529725172,7.901199554373867
477,Riverside,2013,353637596,186350178.0,20603908.0,2265789.0,156.07702041099148,82.24515963313442,9.093480460890223
478,Sacramento,2013,211816029,167648792.0,21367813.0,1452468.0,145.8318042118656,115.42339796814801,14.711382970227227
479,San Benito,2013,5146423,5483527.0,1276909.0,55998.0,91.90369298903532,97.92362227222401,22.802760812886174
480,San Diego,2013,306211682,297001609.0,53235207.0,3193688.0,95.88027446638495,92.99643828702115,16.66888155636994
481,San Joaquin,2013,56667112,77273317.0,12526125.0,704739.0,80.4086505784411,109.64813498330588,17.774133402578826
482,San Luis Obispo,2013,29659642,36485123.0,6033463.0,273304.0,108.52253168632731,133.49648376898983,22.076014255188362
483,San Mateo,2013,102687628,119313785.0,16744140.0,745799.0,137.6880741325746,159.9811544397351,22.451277086721756
484,Santa Barbara,2013,66845754,58324299.0,8580793.0,433073.0,154.3521623375274,134.67544501735273,19.8137334814223
485,Santa Cruz,2013,25866520,47818975.0,5412640.0,269192.0,96.08948259978008,177.63891571814912,20.10698683467562
486,Shasta,2013,20113438,26452678.0,3209467.0,178430.0,112.72453062825758,148.25241271086702,17.987261110799754
487,Siskiyou,2013,8471665,7492262.0,551776.0,44825.0,188.9941996653653,167.14471834913553,12.309559397657557
488,Solano,2013,62374923,46571362.0,5655933.0,419272.0,148.7695887156786,111.07672823370032,13.489889618195349
489,Sonoma,2013,70627546,57709593.0,10033500.0,491980.0,143.55775844546525,117.3006890524005,20.394121712264727
490,Stanislaus,2013,39494522,67099837.0,6333884.0,525744.0,75.12120347545573,127.62834573480629,12.04746796920174
491,Tehama,2013,7744448,8333806.0,1581031.0,63641.0,121.68960261466664,130.95026790905234,24.842962869848055
492,Trinity,2013,2896694,3916708.0,556146.0,13731.0,210.96016313451315,285.24564853251763,40.50294953026
493,Tulare,2013,38766731,49090787.0,6459126.0,455047.0,85.19280645735495,107.88069584020991,14.194415082398082
494,Ventura,2013,145130990,44406582.0,16615386.0,841047.0,172.55990449998632,52.79916817966178,19.755597487417468
495,Alameda,2014,131875980,313947014.0,26196604.0,1588576.0,83.01521614326289,197.62794729367684,16.4906205305884
496,Alpine,2014,3079052,1249574.0,384691.0,1163.0,2647.5081685296645,1074.4402407566638,330.77472055030097
497,Amador,2014,8510784,5044358.0,518572.0,37815.0,225.06370487901626,133.39568954118735,13.713394155758296
498,Butte,2014,14665078,43070947.0,4641530.0,223137.0,65.72230513092853,193.02467542361867,20.801256627094567
499,Calaveras,2014,7922505,4989150.0,894722.0,45358.0,174.66610079809516,109.99492922968385,19.72578156003351
500,Colusa,2014,6214851,5366870.0,412682.0,21794.0,285.1633935945673,246.2544737083601,18.935578599614573
501,Contra Costa,2014,95710065,141067378.0,7947387.0,1098018.0,87.16620765779795,128.4745587048664,7.237938722316027
502,Del Norte,2014,3632437,5323632.0,509051.0,27343.0,132.84705409062647,194.69816772117179,18.617232929817504
503,El Dorado,2014,30636906,12402487.0,1534182.0,182030.0,168.30690545514474,68.13430203812558,8.428182167774542
504,Glenn,2014,5208533,5968519.0,898943.0,28497.0,182.7747833105239,209.44376601045724,31.545180194406427
505,Humboldt,2014,14722257,30406811.0,1785562.0,134977.0,109.07233825022041,225.27401705475748,13.228638953303156
506,Imperial,2014,19528058,37657318.0,2256491.0,182006.0,107.29348483017043,206.9015197301188,12.397893476039252
507,Inyo,2014,6654893,3753636.0,525186.0,18613.0,357.5400526513727,201.66743673776392,28.216085531617686
508,Kern,2014,112470909,95446899.0,12673880.0,871803.0,129.00954573452947,109.4821869160808,14.53755034107476
509,Kings,2014,13042561,15178071.0,1234007.0,149754.0,87.09323957957717,101.35335950959573,8.240227306115363
510,Lake,2014,10434813,9415796.0,1748637.0,64851.0,160.90442707128648,145.19122295724046,26.963917287320164
511,Lassen,2014,4802948,6394702.0,732562.0,31982.0,150.17659933712713,199.946907635545,22.905446813832782
512,Los Angeles,2014,1864792545,1695367329.0,155540413.0,10088458.0,184.84416002921358,168.05019448958404,15.417659765248564
513,Madera,2014,13186094,12548509.0,1198271.0,153224.0,86.0576280478254,81.8964979376599,7.820387145616874
514,Marin,2014,31023820,40361562.0,6269983.0,260622.0,119.03761002524729,154.86628910836384,24.05776565293797
515,Mariposa,2014,5266052,3044669.0,543535.0,18218.0,289.0576353057416,167.12421780656493,29.835053244044353
516,Mendocino,2014,12626046,17921429.0,1446651.0,88194.0,143.16218790393904,203.2046284327732,16.403054629566636
517,Modoc,2014,1762966,2746332.0,672665.0,9636.0,182.95620589456206,285.00747198007474,69.80749273557493
518,Monterey,2014,38764961,63344025.0,4263636.0,429308.0,90.29638627745115,147.54913721617115,9.931415207729648
519,Napa,2014,26770383,20539020.0,4718666.0,140189.0,190.9592264728331,146.50949789213135,33.65931706481964
520,Nevada,2014,14012412,17675255.0,1618807.0,97842.0,143.21469307659288,180.65099854868052,16.54511355041802
521,Orange,2014,415660402,248032599.0,25395726.0,3126918.0,132.9297416817454,79.32174716446035,8.121647577582783
522,Riverside,2014,385852731,203895594.0,19651883.0,2291262.0,168.40183750265138,88.98833655863014,8.576881648628571
523,Sacramento,2014,204426649,168518244.0,21141322.0,1465964.0,139.4486146999517,114.95387608426947,14.421446911383908
524,San Benito,2014,5326353,5747660.0,1215756.0,56219.0,94.7429338835625,102.23696615023391,21.62535797506181
525,San Diego,2014,330796288,291458184.0,52812816.0,3230269.0,102.4051829739257,90.22721760943129,16.349355425198336
526,San Joaquin,2014,61159438,81956186.0,13125016.0,712134.0,85.88192390757919,115.08534348872544,18.430542566427103
527,San Luis Obispo,2014,27793838,38878835.0,6425759.0,275625.0,100.83932154195011,141.0569977324263,23.31341133786848
528,San Mateo,2014,109808354,117412268.0,17934148.0,752700.0,145.88594924936893,155.98813338647537,23.82642221336522
529,Santa Barbara,2014,70553803,61756559.0,9239425.0,438512.0,160.89366539570182,140.83208441274127,21.0699479147663
530,Santa Cruz,2014,27461522,53044223.0,5095931.0,271134.0,101.28394815847514,195.638403888852,18.794880022424337
531,Shasta,2014,20008670,26595667.0,3195717.0,178831.0,111.8859146344873,148.7195564527403,17.870039310857738
532,Siskiyou,2014,8422004,7692733.0,684230.0,44809.0,187.95340221830435,171.67830123412708,15.26992345287777
533,Solano,2014,70915421,48372635.0,5665231.0,423371.0,167.50183881276706,114.25590085291624,13.381244818374428
534,Sonoma,2014,73983912,61094092.0,10188278.0,495864.0,149.20202313537584,123.2073552425665,20.546516786860913
535,Stanislaus,2014,42690493,68115993.0,7689877.0,529850.0,80.570903085779,128.55712560158534,14.513309427196376
536,Tehama,2014,7868839,8801052.0,1855118.0,63743.0,123.44632351787648,138.07087837095838,29.103085829032207
537,Trinity,2014,2727206,4333100.0,825649.0,13722.0,198.74697565952485,315.77758344264686,60.16972744497887
538,Tulare,2014,40017541,56422187.0,7078478.0,458864.0,87.21002519264968,122.96058745074794,15.426091390913212
539,Ventura,2014,150772621,43249921.0,18816886.0,847232.0,177.95907260348994,51.04849793208944,22.20983862743617
540,Alameda,2015,137149087,321185717.0,25472058.0,1611770.0,85.09221973358481,199.27515526408854,15.80377969561414
541,Alpine,2015,2747072,1378442.0,328409.0,1163.0,2362.056749785039,1185.2467755803955,282.3809114359415
542,Amador,2015,8708649,6004461.0,546923.0,37765.0,230.60105918178206,158.995392559248,14.482271944922548
543,Butte,2015,15166846,44290158.0,5219293.0,224285.0,67.62309561495418,197.47267093207304,23.270807231870165
544,Calaveras,2015,8219398,4967475.0,896882.0,45267.0,181.57593832151457,109.73722579362449,19.813153069565026
545,Colusa,2015,5555916,5198962.0,388835.0,21873.0,254.00795501302977,237.68856581173137,17.776939605906826
546,Contra Costa,2015,112089598,145537732.0,9563973.0,1112328.0,100.77027459526327,130.84066210686058,8.598158996267289
547,Del Norte,2015,3448020,6061763.0,578658.0,26953.0,127.92713241568657,224.90123548399066,21.46915000185508
548,El Dorado,2015,34260455,16302987.0,3067053.0,183172.0,187.0398041185334,89.00370689843426,16.74411482104252
549,Glenn,2015,5347524,6259115.0,851055.0,28564.0,187.21201512393222,219.12599775941746,29.7946716146198
550,Humboldt,2015,15289676,31446465.0,2013278.0,135183.0,113.10354112573326,232.6214464836555,14.892982105738147
551,Imperial,2015,21284020,43926809.0,2272399.0,184569.0,115.31741516722744,237.996678748869,12.311921286889998
552,Inyo,2015,6259877,4338184.0,506136.0,18563.0,337.22334751925877,233.70058718957065,27.265851424877443
553,Kern,2015,113785120,91254913.0,13341460.0,880346.0,129.25045379884727,103.65800832854354,15.154791411558637
554,Kings,2015,13078064,15038122.0,1859249.0,149730.0,87.34431309690777,100.43492953983838,12.417344553529686
555,Lake,2015,10270593,10655689.0,1884235.0,65146.0,157.65500567955056,163.56628188990882,28.923264667055538
556,Lassen,2015,4544699,6694598.0,702562.0,31608.0,143.78318780055682,211.80074664641862,22.227347506960264
557,Los Angeles,2015,1997046414,1681695118.0,162768918.0,10149661.0,196.75991286802585,165.68978195429384,16.03688221705139
558,Madera,2015,14712987,14406887.0,1497615.0,154827.0,95.02856090991881,93.05151556253108,9.672828382646438
559,Marin,2015,28783781,42823903.0,5992203.0,262409.0,109.6905250963191,163.19525244942056,22.835356256835702
560,Mariposa,2015,5577752,3596923.0,631438.0,18172.0,306.9421087387189,197.93765133171914,34.74785384107418
561,Mendocino,2015,14417160,21181028.0,1307707.0,88215.0,163.43206937595647,240.1068752479737,14.8240888737743
562,Modoc,2015,2543876,2863489.0,824869.0,9617.0,264.5186648643028,297.752833523968,85.77196630965997
563,Monterey,2015,40328990,74202488.0,4446432.0,432740.0,93.19450478347275,171.47129454175717,10.275065859407496
564,Napa,2015,27409847,25489323.0,5420235.0,140884.0,194.55613838335086,180.92418585502966,38.473034553249484
565,Nevada,2015,14726658,18568124.0,1430767.0,98217.0,149.94001038516754,189.05203783459075,14.567406864392112
566,Orange,2015,368247494,253464777.0,23677950.0,3152314.0,116.81815136436282,80.4059421110968,7.511291705077603
567,Riverside,2015,390354613,262466580.0,21892043.0,2317895.0,168.40910092993857,113.23488768904545,9.444794954042353
568,Sacramento,2015,209282671,164009012.0,24283934.0,1481969.0,141.21933117359404,110.66966448016119,16.386263140457054
569,San Benito,2015,6074087,5416049.0,1186945.0,56452.0,107.59737476085878,95.94078154892652,21.02573868064905
570,San Diego,2015,360129158,312003622.0,52220808.0,3264449.0,110.31851255755565,95.57619739196416,15.996821515667728
571,San Joaquin,2015,66701482,91261669.0,16353500.0,723856.0,92.14744645343825,126.07710511482946,22.592200658694548
572,San Luis Obispo,2015,29354697,39973748.0,9581922.0,276669.0,106.10041963501513,144.48220798137848,34.63316092514882
573,San Mateo,2015,111969760,131318565.0,16544575.0,760343.0,147.262169836508,172.7096389392682,21.759357290065143
574,Santa Barbara,2015,72788140,80526265.0,11822747.0,442987.0,164.31213557056978,181.78019896746406,26.68869966838756
575,Santa Cruz,2015,31430274,61617550.0,7220147.0,273966.0,114.72326493068483,224.9094778184154,26.354171685537622
576,Shasta,2015,20500552,29107107.0,3867517.0,179004.0,114.52566423096691,162.60590266139303,21.605757413242163
577,Siskiyou,2015,8198197,7509483.0,779290.0,44731.0,183.27774921195592,167.88095504236435,17.42169859828754
578,Solano,2015,74505644,54450520.0,5716655.0,427148.0,174.42582898667442,127.47459896803917,13.383312107278975
579,Sonoma,2015,74126570,62767355.0,12575425.0,500083.0,148.22853406334548,125.51387469680033,25.146675651841793
580,Stanislaus,2015,47198532,72295785.0,8794886.0,534905.0,88.23722343219823,135.15630812948095,16.44195885250652
581,Tehama,2015,8042164,9791349.0,1906738.0,63839.0,125.97572017105531,153.37566377919453,29.867917730540892
582,Trinity,2015,3388338,3774660.0,573998.0,13676.0,247.7579701667154,276.00614214682656,41.97119040655162
583,Tulare,2015,40247455,53637580.0,9456902.0,462033.0,87.10948135739223,116.09036583966946,20.468022846852932
584,Ventura,2015,157201533,49100661.0,19605129.0,851426.0,184.63323060371658,57.66873574450393,23.026227763775125
585,Alameda,2016,149938997,317028073.0,41262411.0,1629738.0,92.0019027598301,194.52701783967728,25.31843216517011
586,Alpine,2016,2927335,1647221.0,397268.0,1160.0,2523.564655172414,1420.018103448276,342.47241379310344
587,Amador,2016,8838229,6531521.0,515865.0,37667.0,234.641171317068,173.40167786125787,13.695409775134733
588,Butte,2016,18236886,46709492.0,5770194.0,224432.0,81.25795786697084,208.1231375204962,25.71021066514579
589,Calaveras,2016,8138462,6368633.0,825243.0,45246.0,179.87141404765063,140.75571321221764,18.239026654289884
590,Colusa,2016,5448377,5344094.0,406906.0,21965.0,248.04812201229228,243.30043250625997,18.525199180514456
591,Contra Costa,2016,108208162,148757179.0,9866233.0,1127279.0,95.99057731049723,131.96127932836504,8.752254765679126
592,Del Norte,2016,3766430,8037655.0,625811.0,26956.0,139.72510758272742,298.1768437453628,23.216018697136075
593,El Dorado,2016,35260978,16342047.0,3901752.0,184461.0,191.15681905660276,88.59350757070601,21.152178509278382
594,Glenn,2016,5409447,7193033.0,972372.0,28639.0,188.88393449491952,251.1621564998778,33.952721812912465
595,Humboldt,2016,18416001,32525167.0,2184356.0,135417.0,135.99474955138572,240.18525739013566,16.13058921701116
596,Imperial,2016,22182002,46056164.0,2359301.0,186019.0,119.24589423661024,247.58849364849826,12.683118391132089
597,Inyo,2016,6447952,4591940.0,529119.0,18632.0,346.0686990124517,246.45448690425076,28.398400601116357
598,Kern,2016,144393735,99802467.0,15184347.0,886153.0,162.94447459975873,112.62441925942811,17.13513016375276
599,Kings,2016,13265742,16264431.0,1644367.0,149744.0,88.5894727000748,108.61490944545358,10.98118789400577
600,Lake,2016,12142220,10230923.0,2081910.0,64741.0,187.55070202808113,158.02849816962976,32.157519964164905
601,Lassen,2016,4788766,7713802.0,716648.0,30822.0,155.36843812860943,250.26935305950295,23.251184219064303
602,Los Angeles,2016,2092883807,1798959997.0,164537234.0,10180169.0,205.5843873515263,176.71219377595796,16.162524806808218
603,Madera,2016,16505772,15435019.0,1138434.0,154906.0,106.5534711373349,99.64119530554014,7.349192413463649
604,Marin,2016,29925747,49298880.0,7211237.0,263210.0,113.6953269252688,187.2986588655446,27.397275939364008
605,Mariposa,2016,5756552,4651502.0,645911.0,18167.0,316.8686079154511,256.0412836461716,35.55408157648483
606,Mendocino,2016,15407806,20144372.0,1419828.0,88721.0,173.66582883421063,227.05303141308147,16.003291216284758
607,Modoc,2016,2158744,2840177.0,810423.0,9625.0,224.2850909090909,295.08332467532466,84.19979220779221
608,Monterey,2016,39961348,87159124.0,4972073.0,438175.0,91.19951617504422,198.91395903463228,11.34723112911508
609,Napa,2016,29010384,25617180.0,4574439.0,141711.0,204.71511738679425,180.77058238245442,32.280055888392575
610,Nevada,2016,15987503,19077438.0,1568570.0,98520.0,162.27672553796182,193.6402557856273,15.921335769386927
611,Orange,2016,385600393,261559089.0,26226944.0,3172222.0,121.55529877795438,82.4529585256013,8.26768870526716
612,Riverside,2016,441221262,265866551.0,24808356.0,2346717.0,188.01639140978654,113.29297525010472,10.57151586663411
613,Sacramento,2016,236193116,115538922.0,25974476.0,1495611.0,157.92416343554575,77.25198731488335,17.36713356614788
614,San Benito,2016,6663845,5699933.0,1285377.0,56624.0,117.68587524724498,100.66284614297824,22.7002154563436
615,San Diego,2016,359408442,324823785.0,55734759.0,3284477.0,109.42638417014338,98.89665386604929,16.969142728050766
616,San Joaquin,2016,69616403,93121590.0,17831752.0,735319.0,94.67510427447135,126.64107686595885,24.25036208774695
617,San Luis Obispo,2016,33891742,44863937.0,11692229.0,278141.0,121.85093891227831,161.29925828986018,42.03705674460076
618,San Mateo,2016,129420405,142484684.0,19976293.0,766589.0,168.82632675397116,185.86841710486323,26.058674204821617
619,Santa Barbara,2016,72202279,81677298.0,11401874.0,447073.0,161.49997651390265,182.69342590583642,25.50338311640381
620,Santa Cruz,2016,34286129,57522525.0,7839494.0,275737.0,124.34359190097811,208.6137333763695,28.431055679868862
621,Shasta,2016,21943529,27683688.0,3114954.0,177874.0,123.36557900536334,155.6365067407266,17.51213780541282
622,Siskiyou,2016,8362558,7965459.0,745868.0,44718.0,187.00652980902544,178.12645914396887,16.679368486962744
623,Solano,2016,80636024,61209971.0,5764037.0,430907.0,187.13092152134917,142.04914517517702,13.376522080170432
624,Sonoma,2016,78372406,69784436.0,11079459.0,502475.0,155.97274690283098,138.88140902532464,22.049771630429376
625,Stanislaus,2016,54030063,80079445.0,9690648.0,541006.0,99.86961882123303,148.01951364679874,17.912274540393266
626,Tehama,2016,8493430,11088024.0,1739660.0,63946.0,132.8219122384512,173.39667844744002,27.205141838426172
627,Trinity,2016,3909192,4512253.0,723016.0,13647.0,286.4506484941745,330.640653623507,52.979849051073494
628,Tulare,2016,42771295,50681028.0,9208602.0,466431.0,91.69908303693366,108.65707467985618,19.74268862918631
629,Ventura,2016,166128659,60422765.0,21178495.0,853961.0,194.53892976377142,70.75588346540415,24.800307039782847
630,Alameda,2017,131273889,349858016.0,34243355.0,1646405.0,79.7336554492971,212.4981496047449,20.79886479936589
631,Alpine,2017,3004556,1742850.0,347471.0,1156.0,2599.0968858131487,1507.6557093425606,300.5804498269896
632,Amador,2017,8999250,7003177.0,508222.0,38382.0,234.4653743942473,182.45992913344796,13.241154707936012
633,Butte,2017,17772181,54470633.0,6995960.0,226403.0,78.49799251776699,240.59148067825956,30.900473933649288
634,Calaveras,2017,8896076,8326225.0,1062998.0,45175.0,196.92475926950746,184.3104593248478,23.53066961815163
635,Colusa,2017,5517704,5473500.0,499270.0,22050.0,250.23600907029478,248.2312925170068,22.64263038548753
636,Contra Costa,2017,148292860,150078794.0,11557078.0,1139313.0,130.1598946031512,131.7274480322791,10.14390075422645
637,Del Norte,2017,3656555,8389182.0,633926.0,27060.0,135.12767923133777,310.02150776053213,23.426681448632667
638,El Dorado,2017,35436007,17106033.0,3361321.0,186223.0,190.28802564667092,91.85778878011845,18.04997771489021
639,Glenn,2017,5589626,8044619.0,968475.0,28730.0,194.55711799512704,280.00762269404805,33.70953706926558
640,Humboldt,2017,16277810,32288300.0,2081746.0,136430.0,119.31254122993477,236.66568936450926,15.258711427105474
641,Imperial,2017,23401326,59073262.0,3401260.0,187921.0,124.5274663289361,314.35157326749004,18.099414115505983
642,Inyo,2017,7149909,4631617.0,583607.0,18598.0,384.44504785460805,249.03844499408538,31.380094633831593
643,Kern,2017,105656922,112982545.0,16905716.0,896101.0,117.90738097602838,126.0823779908738,18.865859986764885
644,Kings,2017,15490474,19076681.0,1859201.0,149559.0,103.5743352121905,127.55287879699651,12.431221123436236
645,Lake,2017,11461846,10541300.0,2019739.0,64740.0,177.04426938523324,162.8251467408094,31.197698486252705
646,Lassen,2017,5551831,8000508.0,824522.0,30661.0,181.07142624180554,260.934346564039,26.891556048400247
647,Los Angeles,2017,2106697185,1748866028.0,184672927.0,10231271.0,205.90767119744947,170.93340876221538,18.049851968538416
648,Madera,2017,16741572,18395723.0,1211981.0,156963.0,106.65935284111542,117.19783006186171,7.7214439071628345
649,Marin,2017,38314166,50859896.0,8526955.0,263262.0,145.53625665686656,193.1911783698369,32.38961566804172
650,Mariposa,2017,6117419,5686756.0,450367.0,18137.0,337.2894635275955,313.5444671114297,24.83139438716436
651,Mendocino,2017,15392143,22456422.0,2096274.0,89092.0,172.7668365285323,252.0587931576348,23.52931800835092
652,Modoc,2017,2291988,3039395.0,753455.0,9562.0,239.697552813219,317.86184898556786,78.79679983267098
653,Monterey,2017,44285182,91817233.0,5532583.0,442149.0,100.15895546523909,207.6612929125702,12.512937946257935
654,Napa,2017,30702351,25594754.0,4485708.0,141784.0,216.54312898493484,180.51933927664618,31.637617784799414
655,Nevada,2017,17640522,20416451.0,1445866.0,98613.0,178.8863740074838,207.03610071694402,14.662022248587915
656,Orange,2017,422859234,292421970.0,26306567.0,3198968.0,132.18614065536136,91.41134578401534,8.223454251496108
657,Riverside,2017,448575944,283156003.0,37667091.0,2382640.0,188.2684518013632,118.84128655608905,15.808972820065138
658,Sacramento,2017,301785000,223639000.0,31432000.0,1513415.0,199.40663995004675,147.7711004582352,20.76892326295167
659,San Benito,2017,6334201,5245987.0,1162475.0,56879.0,111.3627349285325,92.23064751490006,20.43768350357777
660,San Diego,2017,373344412,368299766.0,59315717.0,3309509.0,112.80960770917982,111.28531936308377,17.922814834466383
661,San Joaquin,2017,73129772,101914728.0,18627179.0,747263.0,97.86349919640074,136.384014731092,24.92720635171285
662,San Luis Obispo,2017,35114234,50383744.0,11621064.0,279210.0,125.7628093549658,180.451072669317,41.62123133125604
663,San Mateo,2017,133929951,153667418.0,21706113.0,770256.0,173.8771927774662,199.50174747097068,28.18038807876862
664,Santa Barbara,2017,75226214,85878771.0,12031378.0,450025.0,167.16007777345703,190.83111160491083,26.73491028276207
665,Santa Cruz,2017,36481866,57741934.0,8124857.0,276504.0,131.9397404739172,208.82856667534648,29.38422952290021
666,Shasta,2017,22881835,31980058.0,3281289.0,178148.0,128.44283966140512,179.5139883692211,18.418893279744932
667,Siskiyou,2017,8088033,9113498.0,1483800.0,44615.0,181.28506107811273,204.26981956741005,33.25787291269752
668,Solano,2017,86488367,69051264.0,5258384.0,436640.0,198.07705890436057,158.14232319530964,12.042836203737632
669,Sonoma,2017,84069011,66682858.0,10625639.0,504613.0,166.60096152893405,132.14653209489254,21.05700606207133
670,Stanislaus,2017,54488244,91926616.0,10801413.0,549976.0,99.07385776833898,167.1465954878031,19.6397897362794
671,Tehama,2017,9249862,11196958.0,1647442.0,63949.0,144.6443572221614,175.091995183662,25.761810192497148
672,Trinity,2017,3837247,4893494.0,856416.0,13634.0,281.4468974622268,358.91843919612734,62.814727886166935
673,Tulare,2017,44952206,49908459.0,10258973.0,470716.0,95.49751017598722,106.02668912890151,21.794400445279106
674,Ventura,2017,167615812,58160419.0,22870488.0,855910.0,195.83345445198677,67.9515591592574,26.72066922924139
675,Alameda,2018,138201018,348740964.0,45287864.0,1660202.0,83.2434956710087,210.05935663250617,27.278526347998618
676,Alpine,2018,3042870,2058250.0,244990.0,1154.0,2636.8024263431544,1783.578856152513,212.29636048526862
677,Amador,2018,9807134,6831749.0,528517.0,38094.0,257.4456344831207,179.3392397752927,13.874022155720061
678,Butte,2018,21209986,60922752.0,6383167.0,227621.0,93.18114760940335,267.6499619982339,28.042961765390714
679,Calaveras,2018,9355713,8867676.0,1035656.0,45157.0,207.18189870894878,196.37433841929268,22.934561640498703
680,Colusa,2018,5944928,5504283.0,437350.0,22098.0,269.02561317766316,249.08512082541407,19.791383835641234
681,Contra Costa,2018,164551302,164159201.0,13157544.0,1149363.0,143.16739098091725,142.8262446241962,11.44768362997591
682,Del Norte,2018,3713364,8152906.0,665621.0,27221.0,136.41541456963373,299.50795341831673,24.45248153998751
683,El Dorado,2018,40677657,18996426.0,3376823.0,188399.0,215.91227660444056,100.83082181964872,17.92378409651856
684,Glenn,2018,6973701,8920092.0,1009604.0,28796.0,242.17603139324908,309.7684400611196,35.06056396721767
685,Humboldt,2018,20990104,40446869.0,1979638.0,136002.0,154.33673034220084,297.3990750136027,14.555947706651374
686,Imperial,2018,22844622,62821515.0,2491300.0,190624.0,119.8412686755078,329.5572173493369,13.069183313748532
687,Inyo,2018,7017864,5282187.0,668464.0,18577.0,377.7716531194488,284.3401518006137,35.983420358507836
688,Kern,2018,108877835,135232784.0,15659109.0,905801.0,120.20061249656382,149.29635096450545,17.287581930247374
689,Kings,2018,14223666,19015372.0,3136070.0,151662.0,93.78529888831744,125.37993696509344,20.678020862180375
690,Lake,2018,11260005,10796199.0,1901152.0,65081.0,173.01524254390682,165.8886464559549,29.212089549945453
691,Lassen,2018,5284280,8250335.0,791390.0,30911.0,170.95144123451198,266.906117563327,25.60221280450325
692,Los Angeles,2018,1953642847,2150248257.0,248514435.0,10283729.0,189.97416666658563,209.09227158747572,24.165789958097886
693,Madera,2018,18514741,19931383.0,1184262.0,158894.0,116.52259367880474,125.43823555326192,7.4531574508792025
694,Marin,2018,39385629,56063897.0,10081775.0,263886.0,149.25243855301153,212.45498813881753,38.20503929727231
695,Mariposa,2018,6797884,7002762.0,636152.0,18129.0,374.97291632191514,386.27403607479727,35.09029731369629
696,Mendocino,2018,16499918,29626826.0,1917280.0,89299.0,184.77158758776693,331.771083662751,21.47034121322747
697,Modoc,2018,2435722,3153005.0,644975.0,9612.0,253.40428630878068,328.02798585101954,67.10101955888473
698,Monterey,2018,44837109,101253098.0,5403721.0,443281.0,101.14827614989137,228.41741017548688,12.190283364276835
699,Napa,2018,33382116,28808820.0,4569932.0,141294.0,236.25996857616033,203.89273429869633,32.34342576471754
700,Nevada,2018,15578759,20232603.0,1630456.0,99155.0,157.11521355453584,204.05025465180776,16.443507639554234
701,Orange,2018,455391416,351487095.0,27503653.0,3284468.0,138.649978017749,107.01492448700976,8.373853238941589
702,Riverside,2018,434134635,322629190.0,49388419.0,2415955.0,179.6948349617439,133.54105933264486,20.442607167765956
703,Sacramento,2018,309390000,232065000.0,39860000.0,1529501.0,202.28165918165467,151.72595506639092,26.060787145611542
704,San Benito,2018,7080168,5533295.0,1298603.0,57088.0,124.02200112107623,96.92571118273543,22.74738999439462
705,San Diego,2018,454154947,451717981.0,91192547.0,3337456.0,136.07818260375566,135.3479958986725,27.32396981413388
706,San Joaquin,2018,76963664,108951633.0,19220812.0,758744.0,101.43561464736459,143.59472101262085,25.332407241441118
707,San Luis Obispo,2018,38751392,55786245.0,13007918.0,280101.0,138.347924498663,199.16474771600244,46.44009839307964
708,San Mateo,2018,141494790,168369961.0,25830438.0,774155.0,182.77320433246572,217.48869541629261,33.36597709760965
709,Santa Barbara,2018,85515545,85803302.0,12064109.0,453457.0,188.58578652441136,189.22037150159773,26.60474752843158
710,Santa Cruz,2018,38260599,59656563.0,11808497.0,276864.0,138.19275528779474,215.47244495492373,42.650893579519185
711,Shasta,2018,21314335,36975678.0,5082339.0,178271.0,119.56142614334357,207.4127480072474,28.509062045986166
712,Siskiyou,2018,8865799,9990578.0,1006806.0,44612.0,198.73126064735945,223.9437371110912,22.568053438536715
713,Solano,2018,89077321,70520616.0,5694513.0,439793.0,202.5437444434086,160.3495644541864,12.948166523796422
714,Sonoma,2018,87728146,73846486.0,12031906.0,503332.0,174.29479150938147,146.71526149738145,23.904512329833985
715,Stanislaus,2018,57181030,97328729.0,12230035.0,555624.0,102.91317509682807,175.17013123983125,22.011351201531973
716,Tehama,2018,9095763,11971019.0,1710406.0,64039.0,142.0347444525992,186.9332594200409,26.708818063992254
717,Trinity,2018,3783571,5508544.0,758533.0,13635.0,277.48962229556287,404.0002933626696,55.63131646497983
718,Tulare,2018,48548055,52874083.0,10555219.0,475834.0,102.02729313163834,111.11875780209064,22.182565768734474
719,Ventura,2018,172560234,64833475.0,21959141.0,859073.0,200.86795185042482,75.46911030843712,25.56143773579195
