,Year,County,Violent Crime Arrests,Estimated Population,Arrests Per Capita
0,2003,Alameda,4749,1496218,0.00317400271885514
1,2003,Alpine,7,1208,0.005794701986754967
2,2003,Amador,92,36523,0.0025189606549297703
3,2003,Butte,571,210367,0.0027143040495895268
4,2003,Calaveras,166,42458,0.003909746102030241
5,2003,Colusa,83,19700,0.004213197969543147
6,2003,Contra Costa,2482,994908,0.0024947030278176475
7,2003,Del Norte,154,27848,0.005530020109164033
8,2003,El Dorado,614,166030,0.0036981268445461664
9,2003,Fresno,4939,841423,0.0058698181532950726
10,2003,Glenn,113,27071,0.004174208562668538
11,2003,Humboldt,534,128347,0.0041605958845941085
12,2003,Imperial,640,150909,0.0042409664102207294
13,2003,Inyo,61,18351,0.003324069532995477
14,2003,Kern,3746,702873,0.0053295545567976004
15,2003,Kings,677,136108,0.004973991242248802
16,2003,Lake,319,61307,0.005203320991077691
17,2003,Lassen,83,34955,0.002374481476183665
18,2003,Los Angeles,39633,9979618,0.003971394496262282
19,2003,Madera,423,131168,0.003224871919980483
20,2003,Marin,562,250409,0.0022443282789356613
21,2003,Mariposa,78,17465,0.0044660750071571715
22,2003,Mendocino,478,88222,0.005418149667883294
23,2003,Merced,1332,225138,0.005916371292274072
24,2003,Modoc,63,9335,0.00674879485806106
25,2003,Mono,45,13337,0.003374072130164205
26,2003,Monterey,1623,415773,0.0039035723820450103
27,2003,Napa,347,129776,0.0026738379977807917
28,2003,Nevada,263,95749,0.002746764979268713
29,2003,Orange,6646,2978816,0.002231087787899622
30,2003,Placer,696,275612,0.002525289174636808
31,2003,Plumas,125,20881,0.005986303337962741
32,2003,Riverside,6200,1705537,0.0036352187023793677
33,2003,Sacramento,5647,1309611,0.004311967446821995
34,2003,San Benito,233,56309,0.0041378820437230285
35,2003,San Bernardino,8517,1832966,0.004646567366770578
36,2003,San Diego,9602,2961579,0.003242189386134896
37,2003,San Joaquin,3361,613490,0.0054784919069585485
38,2003,San Luis Obispo,628,256254,0.0024506934525900083
39,2003,San Mateo,1528,717041,0.002130979957910357
40,2003,Santa Barbara,882,410277,0.002149767108563239
41,2003,Santa Clara,5052,1729917,0.0029203713241733563
42,2003,Santa Cruz,849,259844,0.0032673450223980544
43,2003,Shasta,726,172033,0.004220120558264984
44,2003,Sierra,13,3515,0.003698435277382646
45,2003,Siskiyou,220,44411,0.00495372768007926
46,2003,Solano,1609,411967,0.003905652637225797
47,2003,Sonoma,1126,472686,0.0023821310552882887
48,2003,Stanislaus,2420,481604,0.005024875208677669
49,2003,Sutter,362,83241,0.004348818490887904
50,2003,Tehama,317,57684,0.005495458012620484
51,2003,Trinity,82,13319,0.006156618364742098
52,2003,Tulare,2265,386246,0.00586413839884426
53,2003,Tuolumne,162,56473,0.0028686274857011316
54,2003,Ventura,1967,791310,0.0024857514754015493
55,2003,Yolo,866,181291,0.004776850477960847
56,2003,Yuba,549,62847,0.008735500501217242
57,2004,Alameda,4301,1498020,0.002871123215978425
58,2004,Alpine,7,1275,0.005490196078431373
59,2004,Amador,111,36834,0.003013520117282945
60,2004,Butte,609,212745,0.002862581964323486
61,2004,Calaveras,199,43339,0.004591707238284224
62,2004,Colusa,76,20105,0.003780154190499876
63,2004,Contra Costa,2408,1003909,0.0023986237796453664
64,2004,Del Norte,232,28266,0.008207740748602562
65,2004,El Dorado,575,168117,0.0034202370967837876
66,2004,Fresno,4884,862642,0.005661676570350157
67,2004,Glenn,113,27756,0.0040711918143824756
68,2004,Humboldt,471,129964,0.0036240805146040443
69,2004,Imperial,565,156562,0.003608793960220232
70,2004,Inyo,79,18515,0.004266810694031866
71,2004,Kern,3875,724883,0.005345690270015989
72,2004,Kings,723,141434,0.005111924996818304
73,2004,Lake,374,63242,0.0059137914676955184
74,2004,Lassen,75,34846,0.0021523273833438557
75,2004,Los Angeles,37397,10102961,0.003701588078980014
76,2004,Madera,430,135262,0.00317901554021085
77,2004,Marin,582,250169,0.0023264273351214578
78,2004,Mariposa,86,17646,0.004873625750878386
79,2004,Mendocino,461,89190,0.005168740890234331
80,2004,Merced,1241,232141,0.005345888920957521
81,2004,Modoc,44,9640,0.004564315352697096
82,2004,Mono,46,13520,0.0034023668639053253
83,2004,Monterey,1428,421441,0.0033883746479341117
84,2004,Napa,396,131624,0.003008569865677992
85,2004,Nevada,276,96065,0.0028730547025451517
86,2004,Orange,6269,3017298,0.0020776867250102576
87,2004,Placer,722,292095,0.0024717985586880983
88,2004,Plumas,107,21104,0.0050701288855193325
89,2004,Riverside,5603,1776743,0.0031535230475088407
90,2004,Sacramento,5809,1335368,0.004350111729500782
91,2004,San Benito,247,57116,0.004324532530289236
92,2004,San Bernardino,8626,1886481,0.004572534788317507
93,2004,San Diego,9558,3017204,0.003167833530646254
94,2004,San Joaquin,3311,630577,0.005250746538487766
95,2004,San Luis Obispo,696,258204,0.002695543058976623
96,2004,San Mateo,1416,712386,0.0019876864508847733
97,2004,Santa Barbara,1197,414796,0.002885755889642137
98,2004,Santa Clara,4700,1731422,0.002714531754823492
99,2004,Santa Cruz,771,260218,0.002962900337409403
100,2004,Shasta,812,175705,0.0046213824307788625
101,2004,Sierra,18,3524,0.00510783200908059
102,2004,Siskiyou,183,44861,0.004079267069392122
103,2004,Solano,1518,416463,0.0036449816670388485
104,2004,Sonoma,1415,472725,0.002993283621555873
105,2004,Stanislaus,2348,491929,0.004773046516875403
106,2004,Sutter,392,85511,0.004584205540807616
107,2004,Tehama,211,58742,0.0035919784821762963
108,2004,Trinity,81,13455,0.006020066889632107
109,2004,Tulare,2164,396828,0.005453244226717873
110,2004,Tuolumne,155,56946,0.00272187686580269
111,2004,Ventura,1840,802436,0.002293017760918005
112,2004,Yolo,801,184487,0.004341769338760996
113,2004,Yuba,530,64840,0.008173966687230106
114,2005,Alameda,4090,1507500,0.002713101160862355
115,2005,Alpine,10,1262,0.00792393026941363
116,2005,Amador,133,37574,0.0035396816947889497
117,2005,Butte,635,214119,0.002965640601721473
118,2005,Calaveras,162,44796,0.003616394320921511
119,2005,Colusa,77,20880,0.0036877394636015324
120,2005,Contra Costa,2498,1020898,0.0024468654067301534
121,2005,Del Norte,171,28895,0.005917978889081156
122,2005,El Dorado,545,173407,0.0031428950388392627
123,2005,Fresno,4951,883537,0.005603613657379374
124,2005,Glenn,137,28197,0.00485867290846544
125,2005,Humboldt,452,131334,0.00344160689539647
126,2005,Imperial,562,161800,0.0034734239802224967
127,2005,Inyo,75,18592,0.004033993115318417
128,2005,Kern,3820,753070,0.005072569615042427
129,2005,Kings,666,144732,0.004601608490174944
130,2005,Lake,360,63250,0.005691699604743083
131,2005,Lassen,116,35455,0.0032717529262445352
132,2005,Los Angeles,36322,10226506,0.003551750715249177
133,2005,Madera,467,141007,0.003311892317402682
134,2005,Marin,544,252485,0.002154583440600432
135,2005,Mariposa,68,17991,0.0037796676115835694
136,2005,Mendocino,418,89974,0.0046457865605619405
137,2005,Merced,1197,240162,0.004984135708396832
138,2005,Modoc,55,9700,0.005670103092783505
139,2005,Mono,58,13563,0.0042763400427634005
140,2005,Monterey,1538,425102,0.0036179552201589266
141,2005,Napa,362,133294,0.002715801161342596
142,2005,Nevada,236,98955,0.0023849224394926986
143,2005,Orange,6128,3056865,0.002004668181290309
144,2005,Placer,800,305675,0.0026171587470352497
145,2005,Plumas,85,21231,0.004003579671235458
146,2005,Riverside,5489,1877000,0.0029243473628129996
147,2005,Sacramento,5961,1369855,0.0043515554565994215
148,2005,San Benito,191,57602,0.003315857088295545
149,2005,San Bernardino,8400,1946202,0.004316098740007461
150,2005,San Diego,9215,3051280,0.003020044047088435
151,2005,San Joaquin,3500,653333,0.005357145590380403
152,2005,San Luis Obispo,676,260727,0.00259275027135663
153,2005,San Mateo,1479,723453,0.002044362246061596
154,2005,Santa Barbara,1222,419260,0.0029146591613795733
155,2005,Santa Clara,5033,1759585,0.0028603335445573815
156,2005,Santa Cruz,744,260240,0.0028588994774054717
157,2005,Shasta,530,178197,0.00297423637883915
158,2005,Sierra,13,3538,0.003674392312040701
159,2005,Siskiyou,197,45819,0.004299526397346079
160,2005,Solano,1508,421657,0.0035763665728305236
161,2005,Sonoma,1511,478440,0.003158180754117549
162,2005,Stanislaus,2462,504482,0.004880253408446684
163,2005,Sutter,359,88945,0.004036202147394457
164,2005,Tehama,257,60019,0.00428197737383162
165,2005,Trinity,79,13749,0.005745872427085606
166,2005,Tulare,2267,409871,0.00553100853683232
167,2005,Tuolumne,145,58504,0.002478463011076166
168,2005,Ventura,1967,813052,0.0024192794556805713
169,2005,Yolo,749,187743,0.003989496279488449
170,2005,Yuba,520,66734,0.00779212994875176
171,2006,Alameda,4042,1510303,0.002676284162846793
172,2006,Alpine,7,1241,0.0056406124093473006
173,2006,Amador,100,38133,0.0026224005454593136
174,2006,Butte,628,217209,0.0028912245809335707
175,2006,Calaveras,186,45711,0.004069042462426987
176,2006,Colusa,94,21512,0.004369654146522871
177,2006,Contra Costa,2885,1029377,0.002802666078608712
178,2006,Del Norte,174,29196,0.005959720509658858
179,2006,El Dorado,577,176204,0.0032746135161517333
180,2006,Fresno,4842,899514,0.005382906769655614
181,2006,Glenn,119,28651,0.004153432689958466
182,2006,Humboldt,457,132526,0.0034483799405399694
183,2006,Imperial,522,166585,0.0031335354323618575
184,2006,Inyo,67,18515,0.0036186875506346206
185,2006,Kern,3867,779869,0.004958525085623355
186,2006,Kings,543,147729,0.0036756493308693623
187,2006,Lake,401,64105,0.006255362296232743
188,2006,Lassen,80,35452,0.002256572266726842
189,2006,Los Angeles,35384,10245572,0.0034535895116446402
190,2006,Madera,513,144396,0.0035527299925205685
191,2006,Marin,569,253341,0.0022459846609905226
192,2006,Mariposa,59,18216,0.0032389108476065
193,2006,Mendocino,485,90445,0.005362374923986953
194,2006,Merced,1361,246751,0.005515681800681659
195,2006,Modoc,62,9836,0.0063033753558357055
196,2006,Mono,46,13597,0.0033830992130617047
197,2006,Monterey,1537,424842,0.0036178155643745206
198,2006,Napa,385,134444,0.0028636458302341494
199,2006,Nevada,302,100066,0.003018008114644335
200,2006,Orange,6124,3072336,0.001993271569255446
201,2006,Placer,755,316508,0.00238540574013927
202,2006,Plumas,102,21444,0.004756575265808618
203,2006,Riverside,6134,1953330,0.003140278396379516
204,2006,Sacramento,5930,1385607,0.0042797127901345764
205,2006,San Benito,221,57627,0.003835007895604491
206,2006,San Bernardino,8717,1991829,0.0043763796992613326
207,2006,San Diego,9086,3066820,0.0029626779530588687
208,2006,San Joaquin,3409,668265,0.005101269705880152
209,2006,San Luis Obispo,646,263242,0.002454015696583372
210,2006,San Mateo,1412,724104,0.0019499961331521439
211,2006,Santa Barbara,1186,421625,0.002812926178476134
212,2006,Santa Clara,4856,1773258,0.0027384621978302085
213,2006,Santa Cruz,699,262351,0.0026643694897294083
214,2006,Shasta,474,181483,0.0026118148807326306
215,2006,Sierra,11,3501,0.003141959440159954
216,2006,Siskiyou,252,46146,0.00546092835782083
217,2006,Solano,2034,422848,0.004810239140305737
218,2006,Sonoma,1453,479929,0.0030275311556501065
219,2006,Stanislaus,2330,514370,0.004529813169508331
220,2006,Sutter,404,91450,0.004417714598141061
221,2006,Tehama,301,61533,0.004891684136967156
222,2006,Trinity,67,14024,0.004777524244152881
223,2006,Tulare,2425,420619,0.0057653125512637324
224,2006,Tuolumne,154,58231,0.0026446394532122068
225,2006,Ventura,2129,817346,0.002604772030449773
226,2006,Yolo,803,190344,0.004218677762367082
227,2006,Yuba,385,69827,0.005513626534148682
228,2007,Alameda,4443,1526148,0.0029112510713246685
229,2007,Alpine,8,1261,0.006344171292624901
230,2007,Amador,93,38435,0.0024196695720046834
231,2007,Butte,743,218069,0.0034071784618629882
232,2007,Calaveras,193,46028,0.004193099852263839
233,2007,Colusa,93,21951,0.004236709033757004
234,2007,Contra Costa,2770,1042341,0.0026574796539712052
235,2007,Del Norte,150,29341,0.005112300194267407
236,2007,El Dorado,576,178674,0.003223748278988549
237,2007,Fresno,5104,917515,0.005562851833485011
238,2007,Glenn,111,28915,0.003838837973370223
239,2007,Humboldt,532,131959,0.00403155525579915
240,2007,Imperial,622,172672,0.0036022053372868792
241,2007,Inyo,68,18383,0.0036990697927432956
242,2007,Kern,4415,801648,0.005507404746222781
243,2007,Kings,491,151381,0.003243471769905074
244,2007,Lake,275,64276,0.004278424295226835
245,2007,Lassen,102,36375,0.0028041237113402063
246,2007,Los Angeles,36250,10331939,0.003508537942393969
247,2007,Madera,518,148721,0.003483031986067872
248,2007,Marin,527,255982,0.0020587385050511364
249,2007,Mariposa,86,18254,0.004711296154267558
250,2007,Mendocino,456,90291,0.005050337242914576
251,2007,Merced,1244,251510,0.004946125402568486
252,2007,Modoc,48,9721,0.004937763604567431
253,2007,Mono,51,13985,0.003646764390418305
254,2007,Monterey,1583,425960,0.003716311390740915
255,2007,Napa,386,135969,0.0028388823923100118
256,2007,Nevada,249,99766,0.0024958402662229617
257,2007,Orange,6140,3098121,0.0019818464159405006
258,2007,Placer,790,324495,0.0024345521502642568
259,2007,Plumas,106,21128,0.005017039000378644
260,2007,Riverside,6078,2031625,0.002991693841137021
261,2007,Sacramento,5991,1406804,0.004258588971882366
262,2007,San Benito,210,57803,0.003633029427538363
263,2007,San Bernardino,9064,2028013,0.004469399357893662
264,2007,San Diego,10182,3098269,0.003286351185129503
265,2007,San Joaquin,3426,679687,0.005040555432132732
266,2007,San Luis Obispo,607,264900,0.0022914307285768214
267,2007,San Mateo,1310,733496,0.001785967476305256
268,2007,Santa Barbara,1127,424425,0.0026553572480414677
269,2007,Santa Clara,4714,1808056,0.0026072201303499448
270,2007,Santa Cruz,730,264125,0.0027638428774254616
271,2007,Shasta,479,181401,0.0026405587620795916
272,2007,Sierra,15,3485,0.00430416068866571
273,2007,Siskiyou,182,45953,0.003960568406850478
274,2007,Solano,1962,424823,0.004618394013506802
275,2007,Sonoma,1421,481765,0.0029495708488578454
276,2007,Stanislaus,2500,521497,0.004793891431781966
277,2007,Sutter,489,93919,0.005206614210117228
278,2007,Tehama,229,61774,0.0037070612231683234
279,2007,Trinity,54,14171,0.0038105991108602073
280,2007,Tulare,2398,429006,0.005589665412604952
281,2007,Tuolumne,145,57223,0.0025339461405378956
282,2007,Ventura,2290,825512,0.002774035992208472
283,2007,Yolo,700,193983,0.003608563637019739
284,2007,Yuba,416,70745,0.005880274224326808
285,2008,Alameda,4336,1543000,0.0028101101749837976
286,2008,Alpine,4,1222,0.0032733224222585926
287,2008,Amador,77,37943,0.0020293598292175103
288,2008,Butte,656,220407,0.002976312004609654
289,2008,Calaveras,189,46127,0.004097383311292735
290,2008,Colusa,65,21910,0.0029666818804198994
291,2008,Contra Costa,2763,1051674,0.0026272400002282075
292,2008,Del Norte,148,29419,0.005030762432441619
293,2008,El Dorado,528,179722,0.0029378707114321007
294,2008,Fresno,4536,931098,0.004871667644007397
295,2008,Glenn,104,29195,0.003562253810584004
296,2008,Humboldt,441,132821,0.003320258091717424
297,2008,Imperial,653,176158,0.0037068994879596727
298,2008,Inyo,53,18152,0.0029197884530630233
299,2008,Kern,4570,817517,0.005590097820595779
300,2008,Kings,524,154434,0.0033930352124532165
301,2008,Lake,289,64059,0.004511465992288359
302,2008,Lassen,111,35757,0.003104287272422183
303,2008,Los Angeles,36452,10363850,0.0035172257413991904
304,2008,Madera,556,150887,0.0036848767620802324
305,2008,Marin,528,257406,0.0020512342369641734
306,2008,Mariposa,63,18406,0.0034227969140497665
307,2008,Mendocino,410,90163,0.004547319854042124
308,2008,Merced,1272,255250,0.004983349657198825
309,2008,Modoc,59,9702,0.006081220366934653
310,2008,Mono,48,13759,0.0034886256268624174
311,2008,Monterey,1489,428549,0.003474515166293703
312,2008,Napa,283,136704,0.0020701661985018725
313,2008,Nevada,215,99186,0.0021676446272659447
314,2008,Orange,5961,3121251,0.0019098111622551342
315,2008,Placer,778,333401,0.002333526294162285
316,2008,Plumas,109,20917,0.005211072333508629
317,2008,Riverside,5940,2088322,0.002844388940019786
318,2008,Sacramento,5806,1424415,0.004076059294517398
319,2008,San Benito,255,57784,0.004412986293783746
320,2008,San Bernardino,8963,2055766,0.00435993201560878
321,2008,San Diego,10443,3146274,0.003319164192311286
322,2008,San Joaquin,3455,685660,0.005038940582796138
323,2008,San Luis Obispo,576,269337,0.0021385847469898305
324,2008,San Mateo,1375,739469,0.0018594423836563805
325,2008,Santa Barbara,1255,428655,0.0029277624196614995
326,2008,Santa Clara,4718,1837075,0.0025682130560809985
327,2008,Santa Cruz,797,266519,0.0029904059372877732
328,2008,Shasta,425,182236,0.0023321407405781512
329,2008,Sierra,14,3380,0.004142011834319527
330,2008,Siskiyou,203,45971,0.004415827369428553
331,2008,Solano,1674,426757,0.003922607010546986
332,2008,Sonoma,1408,484470,0.002906268706008628
333,2008,Stanislaus,2170,525903,0.004126236207057195
334,2008,Sutter,426,95878,0.0044431464986754
335,2008,Tehama,244,62419,0.0039090661497300505
336,2008,Trinity,56,13966,0.004009737934984964
337,2008,Tulare,2144,435254,0.004925859383256673
338,2008,Tuolumne,150,56799,0.0026408915649923414
339,2008,Ventura,2316,831587,0.0027850363221166275
340,2008,Yolo,587,199066,0.0029487707594466157
341,2008,Yuba,375,71929,0.0052134743983650545
342,2009,Alameda,4318,1556657,0.0027738930284577786
343,2009,Alpine,8,1201,0.006661115736885929
344,2009,Amador,100,38080,0.0026260504201680674
345,2009,Butte,641,220748,0.0029037635675068403
346,2009,Calaveras,211,45987,0.004588253201991867
347,2009,Colusa,58,21997,0.0026367231895258443
348,2009,Contra Costa,2976,1060435,0.0028063954886438113
349,2009,Del Norte,144,29547,0.004873591227535791
350,2009,El Dorado,570,180185,0.0031634153786386215
351,2009,Fresno,4377,942298,0.004645027369261104
352,2009,Glenn,104,29239,0.0035568931906015937
353,2009,Humboldt,503,132755,0.0037889345034085344
354,2009,Imperial,599,179254,0.003341626965088645
355,2009,Inyo,81,18049,0.004487783256690121
356,2009,Kern,4290,827173,0.005186339496090903
357,2009,Kings,390,154743,0.002520307865299238
358,2009,Lake,349,64025,0.005450995704802812
359,2009,Lassen,101,35550,0.002841068917018284
360,2009,Los Angeles,35319,10393185,0.0033982845489616514
361,2009,Madera,453,152331,0.0029737873446639227
362,2009,Marin,500,258618,0.0019333534402091114
363,2009,Mariposa,64,18306,0.003496121490221785
364,2009,Mendocino,415,90206,0.0046005808926235505
365,2009,Merced,1169,256450,0.004558393449015403
366,2009,Modoc,47,9698,0.004846360074242112
367,2009,Mono,52,13504,0.0038507109004739335
368,2009,Monterey,1385,431892,0.003206820223574412
369,2009,Napa,367,137571,0.002667713398899477
370,2009,Nevada,211,98718,0.0021374014870641626
371,2009,Orange,6145,3139017,0.001957619216461714
372,2009,Placer,712,339577,0.0020967262211516093
373,2009,Plumas,100,20632,0.004846839860411012
374,2009,Riverside,5825,2107653,0.0027637376740858198
375,2009,Sacramento,5302,1433187,0.0036994474552169395
376,2009,San Benito,209,58016,0.0036024544953116382
377,2009,San Bernardino,8474,2060950,0.004111696062495451
378,2009,San Diego,9812,3173407,0.003091945029427363
379,2009,San Joaquin,3223,689480,0.004674537332482451
380,2009,San Luis Obispo,609,270429,0.0022519774136649548
381,2009,San Mateo,1446,745858,0.0019387068315952904
382,2009,Santa Barbara,1292,431312,0.0029955113699595653
383,2009,Santa Clara,4309,1857621,0.0023196335528075963
384,2009,Santa Cruz,753,268637,0.002803039045254377
385,2009,Shasta,464,183023,0.0025352004939269927
386,2009,Sierra,14,3358,0.004169148302561048
387,2009,Siskiyou,189,45973,0.004111108694233572
388,2009,Solano,1599,426729,0.003747108820820708
389,2009,Sonoma,1359,486630,0.0027926761605326427
390,2009,Stanislaus,2211,526383,0.004200363613566548
391,2009,Sutter,426,96554,0.004412038859084036
392,2009,Tehama,236,62836,0.0037558087720415047
393,2009,Trinity,65,13959,0.004656494018196146
394,2009,Tulare,2183,441481,0.004944720157832387
395,2009,Tuolumne,160,56335,0.0028401526582053785
396,2009,Ventura,2275,836080,0.002721031480241125
397,2009,Yolo,585,200709,0.0029146675036993857
398,2009,Yuba,354,72900,0.004855967078189301
399,2010,Alameda,3823,1574857,0.002427521990885522
400,2010,Alpine,6,1189,0.005046257359125316
401,2010,Amador,91,38022,0.0023933512177160593
402,2010,Butte,610,221768,0.0027506222719238123
403,2010,Calaveras,165,45870,0.0035971223021582736
404,2010,Colusa,67,22206,0.003017202557867243
405,2010,Contra Costa,2692,1073055,0.0025087250886487644
406,2010,Del Norte,180,29673,0.006066120715802244
407,2010,El Dorado,519,182019,0.002851350683170438
408,2010,Fresno,4063,953761,0.0042599770802119186
409,2010,Glenn,111,29434,0.0037711490113474214
410,2010,Humboldt,493,133400,0.0036956521739130435
411,2010,Imperial,556,183029,0.0030377699708789316
412,2010,Inyo,69,18110,0.0038100496963003865
413,2010,Kern,4093,839587,0.0048750159304515196
414,2010,Kings,427,156289,0.0027321180633313926
415,2010,Lake,313,64053,0.004886578302343372
416,2010,Lassen,106,35889,0.0029535512273955807
417,2010,Los Angeles,33147,10441080,0.0031746715856980313
418,2010,Madera,437,153655,0.0028440337118870195
419,2010,Marin,551,260651,0.0021139377942152532
420,2010,Mariposa,76,18192,0.004177660510114336
421,2010,Mendocino,384,90289,0.004253009779707384
422,2010,Merced,1137,258495,0.004398537689317008
423,2010,Modoc,62,9777,0.006341413521530122
424,2010,Mono,40,13617,0.0029375045898509216
425,2010,Monterey,1413,435878,0.0032417327784380035
426,2010,Napa,349,138917,0.002512291512197931
427,2010,Nevada,235,98680,0.002381434941224159
428,2010,Orange,5851,3166461,0.0018478042205477977
429,2010,Placer,718,347102,0.0020685562169045412
430,2010,Plumas,92,20428,0.0045036224789504605
431,2010,Riverside,5218,2139535,0.0024388476935408862
432,2010,Sacramento,5160,1445327,0.0035701263451108295
433,2010,San Benito,210,58388,0.003596629444406385
434,2010,San Bernardino,8328,2073149,0.004017077402540772
435,2010,San Diego,9354,3224432,0.0029009760478744782
436,2010,San Joaquin,2743,694293,0.003950781586448373
437,2010,San Luis Obispo,665,273231,0.002433838034483642
438,2010,San Mateo,1303,754285,0.0017274637570679518
439,2010,Santa Barbara,1189,434481,0.002736598378295023
440,2010,Santa Clara,4075,1880876,0.0021665436743304716
441,2010,Santa Cruz,762,272201,0.0027994019125572645
442,2010,Shasta,481,184247,0.002610625953204123
443,2010,Sierra,14,3303,0.004238570996064184
444,2010,Siskiyou,186,46010,0.004042599434905455
445,2010,Solano,1524,427837,0.0035621042593324092
446,2010,Sonoma,1404,493285,0.0028462247990512584
447,2010,Stanislaus,2108,530584,0.003972980715588861
448,2010,Sutter,394,99154,0.003973616798112028
449,2010,Tehama,250,63100,0.003961965134706815
450,2010,Trinity,55,13898,0.0039574039430133835
451,2010,Tulare,2111,447814,0.004714010727668184
452,2010,Tuolumne,156,56086,0.0027814427842955463
453,2010,Ventura,2154,844713,0.0025499785134122477
454,2010,Yolo,630,202953,0.0031041669746197397
455,2010,Yuba,401,73380,0.005464704279095121
456,2011,Alameda,3504,1521157,0.002303509762634626
457,2011,Alpine,8,1176,0.006802721088435374
458,2011,Amador,94,37911,0.0024794914404790164
459,2011,Butte,620,221388,0.00280051312627604
460,2011,Calaveras,152,45693,0.0033265489243428973
461,2011,Colusa,50,21593,0.0023155652294725142
462,2011,Contra Costa,2514,1056064,0.002380537543179201
463,2011,Del Norte,176,28594,0.006155137441421277
464,2011,El Dorado,505,182498,0.00276715361264233
465,2011,Fresno,3970,940220,0.0042224160302907834
466,2011,Glenn,139,28273,0.00491635128921586
467,2011,Humboldt,467,135263,0.0034525332130737898
468,2011,Imperial,583,176258,0.003307651283913354
469,2011,Inyo,71,18634,0.0038102393474294303
470,2011,Kern,4055,846883,0.004788146650717986
471,2011,Kings,469,153365,0.0030580640954585465
472,2011,Lake,374,64784,0.005773030377871079
473,2011,Lassen,117,34577,0.0033837522052231252
474,2011,Los Angeles,30818,9858989,0.0031258783228178873
475,2011,Madera,453,151949,0.0029812634502365924
476,2011,Marin,543,254692,0.002131986870416032
477,2011,Mariposa,73,18261,0.003997590493401238
478,2011,Mendocino,403,88197,0.004569316416658163
479,2011,Merced,989,257984,0.0038335710741751426
480,2011,Modoc,31,9705,0.0031942297784647087
481,2011,Mono,39,14308,0.0027257478333799273
482,2011,Monterey,1355,419038,0.003233596953020967
483,2011,Napa,341,137639,0.002477495477299312
484,2011,Nevada,218,99111,0.0021995540353744792
485,2011,Orange,5642,3029859,0.0018621328583277308
486,2011,Placer,682,352380,0.0019354106362449628
487,2011,Plumas,77,20025,0.0038451935081148564
488,2011,Riverside,5148,2217778,0.002321242252380536
489,2011,Sacramento,4749,1428355,0.003324803707761726
490,2011,San Benito,208,55619,0.0037397292292202307
491,2011,San Bernardino,7988,2052397,0.0038920345332798673
492,2011,San Diego,8769,3118876,0.002811589816331268
493,2011,San Joaquin,2548,690899,0.0036879486003019253
494,2011,San Luis Obispo,635,270966,0.002343467446100249
495,2011,San Mateo,1247,724702,0.0017207072700227129
496,2011,Santa Barbara,1164,426189,0.0027311826443197737
497,2011,Santa Clara,3764,1797375,0.002094165101884693
498,2011,Santa Cruz,650,264430,0.002458117460197406
499,2011,Shasta,423,177924,0.0023774195724017
500,2011,Sierra,13,3248,0.0040024630541871924
501,2011,Siskiyou,168,45084,0.0037263774287995743
502,2011,Solano,1415,414509,0.0034136773869807412
503,2011,Sonoma,1254,487125,0.0025742879137798306
504,2011,Stanislaus,1851,517685,0.003575533384200817
505,2011,Sutter,402,95800,0.004196242171189979
506,2011,Tehama,200,63950,0.003127443315089914
507,2011,Trinity,74,13853,0.005341803219519238
508,2011,Tulare,1928,446837,0.004314772500934345
509,2011,Tuolumne,137,55256,0.0024793687563341537
510,2011,Ventura,2160,828383,0.0026074895308088168
511,2011,Yolo,524,201759,0.0025971579954301915
512,2011,Yuba,482,72479,0.006650202127512797
513,2012,Alameda,3406,1532137,0.002223038801360453
514,2012,Alpine,5,1097,0.004557885141294439
515,2012,Amador,97,37120,0.002613146551724138
516,2012,Butte,702,221273,0.003172551553962752
517,2012,Calaveras,156,44840,0.003479036574487065
518,2012,Colusa,61,21690,0.0028123559243891194
519,2012,Contra Costa,2445,1065117,0.002295522463729337
520,2012,Del Norte,141,28429,0.0049597242252629355
521,2012,El Dorado,472,180712,0.0026118907432821285
522,2012,Fresno,3925,945711,0.00415031653433237
523,2012,Glenn,117,28122,0.004160443780669938
524,2012,Humboldt,498,134587,0.0037002087868813482
525,2012,Imperial,591,177441,0.003330684565573909
526,2012,Inyo,72,18461,0.003900113753317805
527,2012,Kern,3899,850006,0.004587026444519215
528,2012,Kings,616,152419,0.004041490890243343
529,2012,Lake,357,63266,0.005642841336578889
530,2012,Lassen,117,34167,0.003424356835543068
531,2012,Los Angeles,29601,9884632,0.002994648662691742
532,2012,Madera,432,152074,0.0028407222799426593
533,2012,Marin,500,254790,0.001962400408179285
534,2012,Mariposa,63,17716,0.003556107473470309
535,2012,Mendocino,389,87572,0.004442059105650208
536,2012,Merced,948,258736,0.0036639663595324965
537,2012,Modoc,76,9566,0.007944804515994146
538,2012,Mono,35,14391,0.0024320756028073103
539,2012,Monterey,1262,420668,0.0029999904913138153
540,2012,Napa,332,138255,0.0024013598061552927
541,2012,Nevada,175,97182,0.0018007449939289168
542,2012,Orange,5475,3055792,0.0017916795383979014
543,2012,Placer,655,355328,0.0018433672550432277
544,2012,Plumas,94,19718,0.004767217770564966
545,2012,Riverside,5169,2227577,0.002320458507158226
546,2012,Sacramento,4784,1435153,0.003333442497071741
547,2012,San Benito,164,55815,0.002938278240616322
548,2012,San Bernardino,7998,2063919,0.0038751520771890756
549,2012,San Diego,8658,3143429,0.0027543170213165306
550,2012,San Joaquin,2731,695750,0.003925260510240747
551,2012,San Luis Obispo,684,271483,0.0025194947749951195
552,2012,San Mateo,1288,729443,0.0017657308384616756
553,2012,Santa Barbara,1137,427267,0.0026610994998443596
554,2012,Santa Clara,3633,1816486,0.0020000154143769893
555,2012,Santa Cruz,597,265981,0.002244521225200296
556,2012,Shasta,440,177823,0.002474370581983208
557,2012,Sierra,13,3152,0.004124365482233503
558,2012,Siskiyou,188,44639,0.004211563879119156
559,2012,Solano,1465,413786,0.0035404774448628035
560,2012,Sonoma,1291,487011,0.0026508641488590607
561,2012,Stanislaus,1910,519940,0.0036735007885525255
562,2012,Sutter,366,95065,0.0038499973702203756
563,2012,Tehama,208,63177,0.0032923374012694493
564,2012,Trinity,93,13722,0.006777437691298645
565,2012,Tulare,1803,450840,0.003999201490550971
566,2012,Tuolumne,145,53834,0.002693465096407475
567,2012,Ventura,1913,832970,0.002296601318174724
568,2012,Yolo,489,202133,0.002419199240104288
569,2012,Yuba,405,72615,0.005577360049576534
570,2013,Alameda,3183,1548681,0.002055297378866274
571,2013,Alpine,2,1087,0.0018399264029438822
572,2013,Amador,87,36741,0.002367926839225933
573,2013,Butte,622,221485,0.0028083165902882813
574,2013,Calaveras,140,44932,0.0031158194605181164
575,2013,Colusa,58,21674,0.0026760173479745317
576,2013,Contra Costa,2356,1074702,0.0021922356150821344
577,2013,Del Norte,207,28380,0.007293868921775899
578,2013,El Dorado,449,182286,0.0024631622834446966
579,2013,Fresno,3940,952166,0.004137933931688382
580,2013,Glenn,104,28349,0.00366855973755688
581,2013,Humboldt,474,135209,0.0035056837932386157
582,2013,Imperial,557,180061,0.0030933961268681167
583,2013,Inyo,75,18573,0.0040381198513971895
584,2013,Kern,3992,857882,0.004653320619852148
585,2013,Kings,593,152007,0.003901136131888663
586,2013,Lake,328,64531,0.005082828408051944
587,2013,Lassen,119,33422,0.003560528992878942
588,2013,Los Angeles,27159,9958091,0.0027273299671593683
589,2013,Madera,425,152711,0.0027830346209506847
590,2013,Marin,433,254007,0.0017046774301495628
591,2013,Mariposa,79,18026,0.004382558526572728
592,2013,Mendocino,444,88291,0.005028825135064729
593,2013,Merced,835,262478,0.003181218997401687
594,2013,Modoc,63,9522,0.006616257088846881
595,2013,Mono,32,14493,0.002207962464638101
596,2013,Monterey,1133,421494,0.002688057243993983
597,2013,Napa,346,138383,0.002500307118648967
598,2013,Nevada,176,97019,0.0018140776548923408
599,2013,Orange,5080,3081804,0.0016483851666102061
600,2013,Placer,680,357463,0.0019022947829565578
601,2013,Plumas,66,19643,0.003359975563814081
602,2013,Riverside,4769,2255059,0.002114800544021243
603,2013,Sacramento,4800,1445806,0.0033199474894972077
604,2013,San Benito,171,56669,0.0030175228078843813
605,2013,San Bernardino,8133,2076274,0.0039171130592590385
606,2013,San Diego,8471,3150178,0.0026890543962912574
607,2013,San Joaquin,2537,698414,0.0036325159575838974
608,2013,San Luis Obispo,589,272177,0.002164032963843381
609,2013,San Mateo,1207,735678,0.0016406634424299762
610,2013,Santa Barbara,1174,429200,0.0027353215284249767
611,2013,Santa Clara,3505,1842254,0.0019025606675301017
612,2013,Santa Cruz,650,266662,0.0024375426569964976
613,2013,Shasta,392,178601,0.0021948365350697926
614,2013,Sierra,14,3166,0.004421983575489577
615,2013,Siskiyou,201,44796,0.004487007768550763
616,2013,Solano,1497,418387,0.0035780270419492003
617,2013,Sonoma,1236,490423,0.0025202733150769844
618,2013,Stanislaus,2104,524124,0.00401431722264197
619,2013,Sutter,337,95851,0.003515873595476312
620,2013,Tehama,239,63772,0.003747726274854168
621,2013,Trinity,70,13443,0.0052071710183738745
622,2013,Tulare,1821,455599,0.003996935901966423
623,2013,Tuolumne,132,54360,0.0024282560706401766
624,2013,Ventura,1808,835436,0.0021641394433565228
625,2013,Yolo,570,205999,0.0027670037233190454
626,2013,Yuba,407,73439,0.005542014460981222
627,2014,Alameda,3491,1573254,0.0022189678208350337
628,2014,Alpine,5,1079,0.004633920296570899
629,2014,Amador,75,36151,0.0020746314071533292
630,2014,Butte,648,222316,0.0029147699670738947
631,2014,Calaveras,180,44650,0.004031354983202688
632,2014,Colusa,81,21660,0.003739612188365651
633,2014,Contra Costa,2411,1087008,0.00221801495481174
634,2014,Del Norte,173,28131,0.006149799153958266
635,2014,El Dorado,457,182404,0.0025054275125545493
636,2014,Fresno,4280,964040,0.004439649807061948
637,2014,Glenn,92,28353,0.00324480654604451
638,2014,Humboldt,492,134648,0.0036539718376804703
639,2014,Imperial,571,180672,0.0031604233085370174
640,2014,Inyo,83,18590,0.004464766003227542
641,2014,Kern,4005,873092,0.004587145455461739
642,2014,Kings,543,150181,0.0036156371311950246
643,2014,Lake,294,64699,0.004544119692730954
644,2014,Lassen,105,32581,0.0032227371781099415
645,2014,Los Angeles,28251,10041797,0.00281334107829505
646,2014,Madera,457,153897,0.0029695185741112563
647,2014,Marin,472,255846,0.0018448597984725187
648,2014,Mariposa,59,18467,0.003194888178913738
649,2014,Mendocino,401,89029,0.00450415033303755
650,2014,Merced,896,264922,0.0033821275696242666
651,2014,Modoc,58,9197,0.006306404262259433
652,2014,Mono,33,14143,0.002333309764547833
653,2014,Monterey,1340,425756,0.0031473426093818996
654,2014,Napa,397,139255,0.0028508850669634843
655,2014,Nevada,207,97225,0.002129082026227822
656,2014,Orange,5307,3113991,0.001704243846562177
657,2014,Placer,703,366115,0.0019201616978271854
658,2014,Plumas,83,19140,0.004336468129571578
659,2014,Riverside,5042,2279967,0.002211435516391246
660,2014,Sacramento,5204,1454406,0.003578093049671137
661,2014,San Benito,251,57517,0.004363927186744788
662,2014,San Bernardino,8394,2085669,0.004024607931555774
663,2014,San Diego,8793,3194362,0.002752662346972572
664,2014,San Joaquin,2505,710731,0.0035245402268931567
665,2014,San Luis Obispo,631,272357,0.0023168121252620643
666,2014,San Mateo,1256,745193,0.001685469401886491
667,2014,Santa Barbara,1205,433398,0.002780354316355867
668,2014,Santa Clara,3764,1868558,0.0020143875651705756
669,2014,Santa Cruz,716,271595,0.002636278282000773
670,2014,Shasta,451,179412,0.002513767195059416
671,2014,Sierra,13,3089,0.004208481709291033
672,2014,Siskiyou,215,45231,0.004753377108620194
673,2014,Solano,1486,424233,0.0035027920977387427
674,2014,Sonoma,1248,490486,0.0025444151311148533
675,2014,Stanislaus,2264,526042,0.0043038388569733976
676,2014,Sutter,391,95733,0.004084276059457032
677,2014,Tehama,201,63717,0.0031545741324921135
678,2014,Trinity,62,13389,0.004630666965419374
679,2014,Tulare,1928,459446,0.004196358222729113
680,2014,Tuolumne,143,53604,0.0026677113648235205
681,2014,Ventura,2041,842967,0.0024212098456997725
682,2014,Yolo,645,206381,0.003125287696057292
683,2014,Yuba,392,73682,0.005320159604788144
684,2015,Alameda,3452,1594569,0.002164848306971978
685,2015,Alpine,6,1121,0.0053523639607493305
686,2015,Amador,87,36312,0.0023959021810971578
687,2015,Butte,601,224323,0.0026791724433071953
688,2015,Calaveras,161,45668,0.003525444512568976
689,2015,Colusa,61,21715,0.002809118121114437
690,2015,Contra Costa,2586,1102871,0.002344789191120267
691,2015,Del Norte,162,28031,0.005779315757554137
692,2015,El Dorado,461,184917,0.002493010377628882
693,2015,Fresno,4220,972297,0.004340237602296418
694,2015,Glenn,113,28728,0.003933444722918407
695,2015,Humboldt,448,134398,0.00333338293724609
696,2015,Imperial,623,183429,0.003396409509946628
697,2015,Inyo,79,18574,0.0042532572413050505
698,2015,Kern,3803,874264,0.0043499446391479
699,2015,Kings,632,149721,0.004221184736944049
700,2015,Lake,314,64918,0.004836871129732894
701,2015,Lassen,137,32092,0.00426897669201047
702,2015,Los Angeles,28194,10136559,0.0027814172442541894
703,2015,Madera,408,155878,0.0026174315811083025
704,2015,Marin,521,258972,0.002011800503529339
705,2015,Mariposa,73,17791,0.004103198246304311
706,2015,Mendocino,409,88863,0.004602590504484431
707,2015,Merced,914,266134,0.003434360134368401
708,2015,Modoc,44,9399,0.0046813490796893285
709,2015,Mono,46,14695,0.003130316434161279
710,2015,Monterey,1243,425413,0.0029218665155977836
711,2015,Napa,460,140362,0.0032772402787079125
712,2015,Nevada,189,98193,0.0019247807888546026
713,2015,Orange,5907,3147655,0.00187663514584667
714,2015,Placer,685,369454,0.0018540873830030261
715,2015,Plumas,68,19560,0.003476482617586912
716,2015,Riverside,5232,2308441,0.002266464683307912
717,2015,Sacramento,5503,1470912,0.003741216333811948
718,2015,San Benito,212,58344,0.0036336212806801042
719,2015,San Bernardino,8774,2104291,0.0041695754056829595
720,2015,San Diego,8573,3227496,0.0026562387683826717
721,2015,San Joaquin,2559,719511,0.0035565821787297207
722,2015,San Luis Obispo,664,274293,0.00242076903165593
723,2015,San Mateo,1269,753123,0.0016849837277576173
724,2015,Santa Barbara,1201,437643,0.0027442458807749696
725,2015,Santa Clara,3793,1889638,0.002007262766730982
726,2015,Santa Cruz,798,271646,0.0029376467903079744
727,2015,Shasta,432,178673,0.002417824741287156
728,2015,Sierra,13,3105,0.004186795491143317
729,2015,Siskiyou,196,45119,0.004344067909306501
730,2015,Solano,1599,429552,0.003722482958989831
731,2015,Sonoma,1340,496253,0.0027002355653265573
732,2015,Stanislaus,2361,532297,0.004435493718732211
733,2015,Sutter,397,95948,0.004137657898028098
734,2015,Tehama,252,64323,0.0039177277179236044
735,2015,Trinity,47,13571,0.0034632672610714023
736,2015,Tulare,2082,462189,0.004504650694845615
737,2015,Tuolumne,154,54337,0.0028341645655814637
738,2015,Ventura,2214,848073,0.0026106243212553636
739,2015,Yolo,575,209393,0.0027460325798856697
740,2015,Yuba,454,74076,0.0061288406501430965
741,2016,Alameda,3513,1627865,0.0021580413609236637
742,2016,Alpine,5,1166,0.004288164665523156
743,2016,Amador,82,37707,0.0021746625295038058
744,2016,Butte,631,224601,0.002809426494093971
745,2016,Calaveras,166,45207,0.003671997699471321
746,2016,Colusa,76,21948,0.0034627300893019866
747,2016,Contra Costa,2517,1123429,0.0022404620140658643
748,2016,Del Norte,156,26811,0.005818507329081347
749,2016,El Dorado,436,183750,0.0023727891156462583
750,2016,Fresno,4183,984541,0.0042486803495232804
751,2016,Glenn,130,28668,0.004534672805916004
752,2016,Humboldt,444,135116,0.0032860653068474497
753,2016,Imperial,444,185831,0.002389267667934844
754,2016,Inyo,114,18650,0.006112600536193029
755,2016,Kern,3348,886507,0.0037766199251669757
756,2016,Kings,529,150373,0.0035179187753120573
757,2016,Lake,310,64306,0.0048207010232326685
758,2016,Lassen,114,30780,0.003703703703703704
759,2016,Los Angeles,27804,10241335,0.0027148804330685405
760,2016,Madera,429,155349,0.0027615240522951548
761,2016,Marin,487,262274,0.001856836743253239
762,2016,Mariposa,68,18159,0.0037446995979954845
763,2016,Mendocino,407,88378,0.004605218493290185
764,2016,Merced,993,271579,0.003656394640233597
765,2016,Modoc,38,9638,0.00394272670678564
766,2016,Mono,51,13721,0.003716930252897019
767,2016,Monterey,1217,437178,0.002783763135381927
768,2016,Napa,385,142028,0.0027107330948826992
769,2016,Nevada,181,98095,0.0018451501095876446
770,2016,Orange,6019,3183011,0.0018909768140920656
771,2016,Placer,669,373796,0.0017897462787188733
772,2016,Plumas,74,19879,0.0037225212535841844
773,2016,Riverside,5742,2347828,0.002445664673902858
774,2016,Sacramento,5005,1495297,0.0033471611325375495
775,2016,San Benito,183,56648,0.003230475921480017
776,2016,San Bernardino,8901,2139570,0.004160181718756572
777,2016,San Diego,8301,3288612,0.0025241652101251227
778,2016,San Joaquin,2576,733383,0.003512489381400987
779,2016,San Luis Obispo,669,277977,0.002406673933454926
780,2016,San Mateo,1299,766041,0.001695731690601417
781,2016,Santa Barbara,1387,446717,0.003104874003004139
782,2016,Santa Clara,3812,1927888,0.001977293286746948
783,2016,Santa Cruz,653,275902,0.0023667824082464063
784,2016,Shasta,560,178592,0.0031356387744131877
785,2016,Sierra,19,3203,0.005931938807368093
786,2016,Siskiyou,158,44739,0.0035315943583897717
787,2016,Solano,1592,431498,0.003689472488864375
788,2016,Sonoma,1382,501959,0.0027532129118115227
789,2016,Stanislaus,2504,540214,0.004635200124395147
790,2016,Sutter,410,97308,0.004213425412093559
791,2016,Tehama,282,63934,0.004410798636093472
792,2016,Trinity,76,13667,0.005560839979512695
793,2016,Tulare,2036,466339,0.004365922644256646
794,2016,Tuolumne,183,54900,0.0033333333333333335
795,2016,Ventura,2135,856508,0.0024926795780074442
796,2016,Yolo,558,214555,0.0026007317471044723
797,2016,Yuba,491,74345,0.006604344609590423
798,2017,Alameda,3965,1645359,0.002409808436942941
799,2017,Alpine,3,1151,0.0026064291920069507
800,2017,Amador,78,38382,0.0020322025949663907
801,2017,Butte,665,226404,0.0029372272574689495
802,2017,Calaveras,192,45168,0.004250797024442083
803,2017,Colusa,75,22043,0.003402440684117407
804,2017,Contra Costa,2582,1139513,0.0022658802488431462
805,2017,Del Norte,206,27124,0.007594750036867719
806,2017,El Dorado,517,185062,0.002793658341528785
807,2017,Fresno,3915,995975,0.003930821556765983
808,2017,Glenn,104,28731,0.003619783509101667
809,2017,Humboldt,481,136953,0.0035121538045898956
810,2017,Imperial,478,188334,0.002538044113118184
811,2017,Inyo,114,18619,0.006122777807615876
812,2017,Kern,3194,895112,0.0035682685518683695
813,2017,Kings,561,149537,0.0037515798765522914
814,2017,Lake,311,64945,0.004788667333897914
815,2017,Lassen,106,30918,0.0034284235720292385
816,2017,Los Angeles,28746,10241278,0.0028068762511866195
817,2017,Madera,498,156492,0.0031822712982133273
818,2017,Marin,471,263604,0.0017867710656894432
819,2017,Mariposa,46,18148,0.002534714569098523
820,2017,Mendocino,367,89134,0.004117396279758566
821,2017,Merced,1050,274665,0.0038228387308175413
822,2017,Modoc,58,9580,0.0060542797494780795
823,2017,Mono,52,13713,0.0037920221687449867
824,2017,Monterey,1164,442365,0.002631311247499237
825,2017,Napa,397,142408,0.002787764732318409
826,2017,Nevada,215,98828,0.0021754968227627796
827,2017,Orange,6237,3194024,0.0019527091844018705
828,2017,Placer,779,382837,0.0020348085477631473
829,2017,Plumas,102,19819,0.005146576517483223
830,2017,Riverside,5449,2384783,0.002284903909496168
831,2017,Sacramento,5074,1514770,0.0033496834502927835
832,2017,San Benito,222,56854,0.003904738452879305
833,2017,San Bernardino,8855,2160256,0.004099051223558689
834,2017,San Diego,8695,3316192,0.00262198328685432
835,2017,San Joaquin,2885,746868,0.0038627977099032224
836,2017,San Luis Obispo,680,280101,0.002427695724042399
837,2017,San Mateo,1415,770203,0.001837177990737507
838,2017,Santa Barbara,1291,450663,0.0028646682776265193
839,2017,Santa Clara,4133,1938180,0.002132412882188445
840,2017,Santa Cruz,750,276603,0.0027114673376644506
841,2017,Shasta,589,178605,0.003297780017356737
842,2017,Sierra,20,3207,0.006236357966947303
843,2017,Siskiyou,155,44688,0.0034684926602219835
844,2017,Solano,1616,436023,0.0037062265063998916
845,2017,Sonoma,1484,505120,0.0029379157427937915
846,2017,Stanislaus,2284,548057,0.0041674497360675985
847,2017,Sutter,450,96956,0.004641280580882049
848,2017,Tehama,181,63995,0.0028283459645284787
849,2017,Trinity,84,13628,0.006163780452010567
850,2017,Tulare,2117,471842,0.004486671385760488
851,2017,Tuolumne,184,54707,0.0033633721461604547
852,2017,Ventura,2093,857386,0.0024411408630418503
853,2017,Yolo,499,218896,0.0022796213727066736
854,2017,Yuba,464,74577,0.006221757378280166
855,2018,Alameda,4132,1660202,0.002488853765987512
856,2018,Alpine,5,1154,0.004332755632582322
857,2018,Amador,72,38094,0.0018900614269963774
858,2018,Butte,785,227621,0.0034487151888446146
859,2018,Calaveras,147,45157,0.0032553092543791662
860,2018,Colusa,66,22098,0.002986695628563671
861,2018,Contra Costa,2614,1149363,0.002274303244492819
862,2018,Del Norte,151,27221,0.005547187832923111
863,2018,El Dorado,480,188399,0.0025477842239077703
864,2018,Fresno,4316,1007229,0.004285023564651137
865,2018,Glenn,100,28796,0.003472704542297541
866,2018,Humboldt,492,136002,0.0036175938589138395
867,2018,Imperial,401,190624,0.0021036175927480276
868,2018,Inyo,107,18577,0.005759810518382947
869,2018,Kern,3412,905801,0.0037668317875559866
870,2018,Kings,603,151662,0.00397594651263995
871,2018,Lake,366,65081,0.005623761159170879
872,2018,Lassen,115,30911,0.0037203584484487725
873,2018,Los Angeles,28865,10283729,0.0028068612076417028
874,2018,Madera,562,158894,0.0035369491610759375
875,2018,Marin,524,263886,0.001985705948780913
876,2018,Mariposa,32,18129,0.0017651276959567543
877,2018,Mendocino,381,89299,0.004266565135107896
878,2018,Merced,1029,279977,0.003675301899798912
879,2018,Modoc,66,9612,0.00686641697877653
880,2018,Mono,58,13822,0.004196208942265953
881,2018,Monterey,1244,443281,0.0028063463130610154
882,2018,Napa,356,141294,0.0025195691253697963
883,2018,Nevada,191,99155,0.0019262770409964197
884,2018,Orange,6097,3221103,0.0018928298784608875
885,2018,Placer,764,389532,0.0019613279525173798
886,2018,Plumas,78,19773,0.0039447731755424065
887,2018,Riverside,5315,2415955,0.002199958194585578
888,2018,Sacramento,5084,1529501,0.0033239599058777995
889,2018,San Benito,179,57088,0.0031355100896860986
890,2018,San Bernardino,8839,2174938,0.00406402389401445
891,2018,San Diego,8574,3337456,0.0025690226328077435
892,2018,San Joaquin,3039,758744,0.004005303501576289
893,2018,San Luis Obispo,644,280101,0.002299170656298978
894,2018,San Mateo,1415,774155,0.0018277993425089292
895,2018,Santa Barbara,1306,453457,0.0028800966795087517
896,2018,Santa Clara,4166,1956598,0.002129205897174586
897,2018,Santa Cruz,773,276864,0.0027919845122515025
898,2018,Shasta,515,178271,0.002888860218431489
899,2018,Sierra,10,3207,0.0031181789834736516
900,2018,Siskiyou,179,44612,0.004012373352461221
901,2018,Solano,1496,439793,0.003401600298322165
902,2018,Sonoma,1475,503332,0.0029304713389969243
903,2018,Stanislaus,2349,555624,0.004227679149928729
904,2018,Sutter,400,97238,0.004113618132828729
905,2018,Tehama,209,64039,0.0032636362216774155
906,2018,Trinity,67,13635,0.004913824715804913
907,2018,Tulare,2322,475834,0.004879853057999218
908,2018,Tuolumne,203,54740,0.0037084398976982096
909,2018,Ventura,2271,859073,0.002643547172359043
910,2018,Yolo,575,221270,0.002598635151624712
911,2018,Yuba,391,74727,0.0052323791935980305
912,2019,Alameda,3853,1669301,0.002308151735367079
913,2019,Alpine,11,1162,0.00946643717728055
914,2019,Amador,93,38294,0.0024285788896432864
915,2019,Butte,695,226466,0.0030688933438131993
916,2019,Calaveras,134,45117,0.0029700556331316353
917,2019,Colusa,59,22117,0.002667631233892481
918,2019,Contra Costa,2722,1155879,0.0023549177725350145
919,2019,Del Norte,128,27401,0.004671362359037991
920,2019,El Dorado,524,191848,0.0027313289687669407
921,2019,Fresno,3471,1018241,0.0034088197194966615
922,2019,Glenn,98,29132,0.0033639983523273374
923,2019,Humboldt,496,135333,0.0036650336577183688
924,2019,Imperial,368,190266,0.0019341343172190513
925,2019,Inyo,89,18593,0.004786747700747593
926,2019,Kern,3159,916464,0.003446943906143613
927,2019,Kings,591,153710,0.0038449027389239475
928,2019,Lake,331,65071,0.005086751394630481
929,2019,Lassen,105,30150,0.003482587064676617
930,2019,Los Angeles,28432,10253716,0.002772848399546077
931,2019,Madera,500,159536,0.0031340888576872933
932,2019,Marin,445,262879,0.0016927940231056874
933,2019,Mariposa,67,18068,0.0037082134159840603
934,2019,Mendocino,423,89009,0.0047523284162275725
935,2019,Merced,976,282928,0.0034496408980376632
936,2019,Modoc,53,9602,0.005519683399291814
937,2019,Mono,61,13616,0.004480023501762632
938,2019,Monterey,1134,445414,0.002545946018760075
939,2019,Napa,377,140779,0.002677956229267149
940,2019,Nevada,236,98904,0.0023861522284235217
941,2019,Orange,5732,3222498,0.0017787443157451146
942,2019,Placer,784,396691,0.001976349349997857
943,2019,Plumas,65,19779,0.0032863137671267505
944,2019,Riverside,5224,2440124,0.0021408748080015607
945,2019,Sacramento,5025,1546174,0.00324995763736811
946,2019,San Benito,178,62296,0.0028573263130859125
947,2019,San Bernardino,8325,2192203,0.003797549770710103
948,2019,San Diego,8578,3351786,0.002559232600171968
949,2019,San Joaquin,2904,770385,0.003769543799528807
950,2019,San Luis Obispo,583,280393,0.0020792245170171866
951,2019,San Mateo,1491,774485,0.0019251502611412744
952,2019,Santa Barbara,1208,454593,0.0026573220441141856
953,2019,Santa Clara,4288,1954286,0.0021941517260012098
954,2019,Santa Cruz,756,274871,0.002750381087855758
955,2019,Shasta,579,178773,0.0032387441056535384
956,2019,Sierra,12,3213,0.003734827264239029
957,2019,Siskiyou,166,44584,0.0037233088103355463
958,2019,Solano,1279,441307,0.0028982091831763375
959,2019,Sonoma,1545,500675,0.003085834123932691
960,2019,Stanislaus,2380,558972,0.0042578161339029506
961,2019,Sutter,409,97490,0.004195302082264847
962,2019,Tehama,184,64387,0.0028577197260316522
963,2019,Trinity,28,13688,0.0020455873758036236
964,2019,Tulare,2235,479112,0.004664880028051896
965,2019,Tuolumne,193,54590,0.003535446052390548
966,2019,Ventura,2090,856598,0.00243988428644475
967,2019,Yolo,553,222581,0.0024844887928439532
968,2019,Yuba,366,77916,0.004697366394578777
