County,Year,Population
Alameda,1970,1071446
Alpine,1970,484
Amador,1970,11821
Butte,1970,101969
Calaveras,1970,13585
Colusa,1970,12430
Contra Costa,1970,556116
Del Norte,1970,14580
El Dorado,1970,43833
Fresno,1970,413329
Glenn,1970,17521
Humboldt,1970,99692
Imperial,1970,74492
Inyo,1970,15571
Kern,1970,330234
Kings,1970,66717
Lake,1970,19548
Lassen,1970,16796
Los Angeles,1970,7041980
Madera,1970,41519
Marin,1970,208652
Mariposa,1970,6015
Mendocino,1970,51101
Merced,1970,104629
Modoc,1970,7469
Mono,1970,4016
Monterey,1970,247450
Napa,1970,79140
Nevada,1970,26346
Orange,1970,1421233
Placer,1970,77632
Plumas,1970,11707
Riverside,1970,456916
Sacramento,1970,634373
San Benito,1970,18226
San Bernardino,1970,682233
San Diego,1970,1357854
San Francisco,1970,715674
San Joaquin,1970,291073
San Luis Obispo,1970,105690
San Mateo,1970,557361
Santa Barbara,1970,264324
Santa Clara,1970,1065313
Santa Cruz,1970,123790
Shasta,1970,77640
Sierra,1970,2365
Siskiyou,1970,33224
Solano,1970,171989
Sonoma,1970,204885
Stanislaus,1970,194506
Sutter,1970,41935
Tehama,1970,29517
Trinity,1970,7615
Tulare,1970,188322
Tuolumne,1970,22169
Ventura,1970,378497
Yolo,1970,91788
Yuba,1970,44736
Alameda,1971,1082330
Alpine,1971,550
Amador,1971,12375
Butte,1971,104260
Calaveras,1971,13780
Colusa,1971,12340
Contra Costa,1971,562770
Del Norte,1971,14900
El Dorado,1971,45700
Fresno,1971,418575
Glenn,1971,17590
Humboldt,1971,100775
Imperial,1971,74780
Inyo,1971,15920
Kern,1971,335055
Kings,1971,66725
Lake,1971,20480
Lassen,1971,16850
Los Angeles,1971,7079050
Madera,1971,42450
Marin,1971,208910
Mariposa,1971,6225
Mendocino,1971,51890
Merced,1971,106840
Modoc,1971,7600
Mono,1971,4450
Monterey,1971,249340
Napa,1971,80470
Nevada,1971,26820
Orange,1971,1460020
Placer,1971,78890
Plumas,1971,11870
Riverside,1971,469830
Sacramento,1971,644505
San Benito,1971,18685
San Bernardino,1971,689410
San Diego,1971,1362010
San Francisco,1971,712800
San Joaquin,1971,292910
San Luis Obispo,1971,108810
San Mateo,1971,558845
Santa Barbara,1971,267705
Santa Clara,1971,1084625
Santa Cruz,1971,127950
Shasta,1971,79375
Sierra,1971,2450
Siskiyou,1971,33370
Solano,1971,176075
Sonoma,1971,210470
Stanislaus,1971,198940
Sutter,1971,42570
Tehama,1971,29920
Trinity,1971,7750
Tulare,1971,192440
Tuolumne,1971,22660
Ventura,1971,387925
Yolo,1971,93240
Yuba,1971,44870
Alameda,1972,1093880
Alpine,1972,600
Amador,1972,12860
Butte,1972,108295
Calaveras,1972,14060
Colusa,1972,12325
Contra Costa,1972,569980
Del Norte,1972,15290
El Dorado,1972,48575
Fresno,1972,427260
Glenn,1972,17960
Humboldt,1972,101830
Imperial,1972,75800
Inyo,1972,16460
Kern,1972,341365
Kings,1972,67255
Lake,1972,21820
Lassen,1972,17325
Los Angeles,1972,7085710
Madera,1972,43820
Marin,1972,212595
Mariposa,1972,6675
Mendocino,1972,52890
Merced,1972,109650
Modoc,1972,7750
Mono,1972,5250
Monterey,1972,253590
Napa,1972,82690
Nevada,1972,27945
Orange,1972,1511135
Placer,1972,80905
Plumas,1972,12300
Riverside,1972,483905
Sacramento,1972,658310
San Benito,1972,19250
San Bernardino,1972,693730
San Diego,1972,1406505
San Francisco,1972,709300
San Joaquin,1972,295000
San Luis Obispo,1972,112475
San Mateo,1972,561245
Santa Barbara,1972,270235
Santa Clara,1972,1107045
Santa Cruz,1972,135320
Shasta,1972,81725
Sierra,1972,2550
Siskiyou,1972,33850
Solano,1972,180695
Sonoma,1972,219335
Stanislaus,1972,204985
Sutter,1972,43230
Tehama,1972,30390
Trinity,1972,8200
Tulare,1972,197935
Tuolumne,1972,23500
Ventura,1972,400450
Yolo,1972,94810
Yuba,1972,45320
Alameda,1973,1094600
Alpine,1973,650
Amador,1973,13405
Butte,1973,112170
Calaveras,1973,14590
Colusa,1973,12300
Contra Costa,1973,574400
Del Norte,1973,15430
El Dorado,1973,51275
Fresno,1973,432960
Glenn,1973,18440
Humboldt,1973,103520
Imperial,1973,77390
Inyo,1973,16860
Kern,1973,345045
Kings,1973,68500
Lake,1973,23060
Lassen,1973,17675
Los Angeles,1973,7081050
Madera,1973,44870
Marin,1973,214420
Mariposa,1973,7225
Mendocino,1973,54540
Merced,1973,111995
Modoc,1973,7810
Mono,1973,6100
Monterey,1973,258420
Napa,1973,85080
Nevada,1973,29635
Orange,1973,1568535
Placer,1973,83640
Plumas,1973,13010
Riverside,1973,497275
Sacramento,1973,669535
San Benito,1973,19755
San Bernardino,1973,693700
San Diego,1973,1453965
San Francisco,1973,705300
San Joaquin,1973,296470
San Luis Obispo,1973,117365
San Mateo,1973,564565
Santa Barbara,1973,273005
Santa Clara,1973,1130730
Santa Cruz,1973,142790
Shasta,1973,84750
Sierra,1973,2650
Siskiyou,1973,34390
Solano,1973,181020
Sonoma,1973,229645
Stanislaus,1973,210685
Sutter,1973,44150
Tehama,1973,30835
Trinity,1973,8700
Tulare,1973,202795
Tuolumne,1973,24340
Ventura,1973,412275
Yolo,1973,96430
Yuba,1973,45100
Alameda,1974,1097670
Alpine,1974,700
Amador,1974,14490
Butte,1974,115905
Calaveras,1974,15080
Colusa,1974,12450
Contra Costa,1974,578050
Del Norte,1974,15740
El Dorado,1974,54400
Fresno,1974,437290
Glenn,1974,18890
Humboldt,1974,105180
Imperial,1974,79810
Inyo,1974,16990
Kern,1974,348100
Kings,1974,68425
Lake,1974,24280
Lassen,1974,17775
Los Angeles,1974,7101995
Madera,1974,46340
Marin,1974,214390
Mariposa,1974,7750
Mendocino,1974,56470
Merced,1974,115115
Modoc,1974,7900
Mono,1974,6750
Monterey,1974,261730
Napa,1974,87560
Nevada,1974,31380
Orange,1974,1636525
Placer,1974,87205
Plumas,1974,13640
Riverside,1974,511880
Sacramento,1974,678630
San Benito,1974,20255
San Bernardino,1974,691240
San Diego,1974,1500750
San Francisco,1974,702200
San Joaquin,1974,297290
San Luis Obispo,1974,123850
San Mateo,1974,570520
Santa Barbara,1974,277615
Santa Clara,1974,1151345
Santa Cruz,1974,148450
Shasta,1974,88550
Sierra,1974,2750
Siskiyou,1974,34895
Solano,1974,183275
Sonoma,1974,239075
Stanislaus,1974,216460
Sutter,1974,45070
Tehama,1974,31625
Trinity,1974,9150
Tulare,1974,207635
Tuolumne,1974,24940
Ventura,1974,423350
Yolo,1974,97780
Yuba,1974,44310
Alameda,1975,1102810
Alpine,1975,750
Amador,1975,15130
Butte,1975,119395
Calaveras,1975,15450
Colusa,1975,12715
Contra Costa,1975,583370
Del Norte,1975,16090
El Dorado,1975,57725
Fresno,1975,446330
Glenn,1975,19210
Humboldt,1975,106290
Imperial,1975,82240
Inyo,1975,17270
Kern,1975,355895
Kings,1975,68725
Lake,1975,25480
Lassen,1975,18675
Los Angeles,1975,7153300
Madera,1975,48100
Marin,1975,216985
Mariposa,1975,8125
Mendocino,1975,57650
Merced,1975,118240
Modoc,1975,7935
Mono,1975,7100
Monterey,1975,268020
Napa,1975,89800
Nevada,1975,33190
Orange,1975,1691600
Placer,1975,90135
Plumas,1975,13910
Riverside,1975,527110
Sacramento,1975,687355
San Benito,1975,20980
San Bernardino,1975,694160
San Diego,1975,1560820
San Francisco,1975,697100
San Joaquin,1975,299300
San Luis Obispo,1975,129100
San Mateo,1975,578165
Santa Barbara,1975,280260
Santa Clara,1975,1170700
Santa Cruz,1975,153500
Shasta,1975,91400
Sierra,1975,2800
Siskiyou,1975,35285
Solano,1975,185740
Sonoma,1975,245475
Stanislaus,1975,222200
Sutter,1975,45940
Tehama,1975,32870
Trinity,1975,9600
Tulare,1975,213375
Tuolumne,1975,25950
Ventura,1975,434800
Yolo,1975,100310
Yuba,1975,44480
Alameda,1976,1107350
Alpine,1976,800
Amador,1976,15280
Butte,1976,122880
Calaveras,1976,15750
Colusa,1976,12900
Contra Costa,1976,594450
Del Norte,1976,16260
El Dorado,1976,60750
Fresno,1976,462405
Glenn,1976,19590
Humboldt,1976,106150
Imperial,1976,84070
Inyo,1976,17720
Kern,1976,363020
Kings,1976,70075
Lake,1976,27080
Lassen,1976,18525
Los Angeles,1976,7218755
Madera,1976,49370
Marin,1976,220330
Mariposa,1976,8575
Mendocino,1976,58670
Merced,1976,120315
Modoc,1976,7905
Mono,1976,7200
Monterey,1976,271280
Napa,1976,91830
Nevada,1976,35510
Orange,1976,1733975
Placer,1976,93190
Plumas,1976,14220
Riverside,1976,542935
Sacramento,1976,700545
San Benito,1976,21740
San Bernardino,1976,713490
San Diego,1976,1626810
San Francisco,1976,691300
San Joaquin,1976,302170
San Luis Obispo,1976,132650
San Mateo,1976,580945
Santa Barbara,1976,285810
Santa Clara,1976,1197880
Santa Cruz,1976,161000
Shasta,1976,93675
Sierra,1976,2910
Siskiyou,1976,35500
Solano,1976,191735
Sonoma,1976,252115
Stanislaus,1976,228980
Sutter,1976,47220
Tehama,1976,33050
Trinity,1976,10050
Tulare,1976,218435
Tuolumne,1976,26540
Ventura,1976,449500
Yolo,1976,104100
Yuba,1976,46010
Alameda,1977,1106020
Alpine,1977,850
Amador,1977,15790
Butte,1977,127545
Calaveras,1977,16490
Colusa,1977,12955
Contra Costa,1977,610230
Del Norte,1977,16530
El Dorado,1977,64850
Fresno,1977,478980
Glenn,1977,20040
Humboldt,1977,106245
Imperial,1977,85690
Inyo,1977,17850
Kern,1977,368775
Kings,1977,71500
Lake,1977,29000
Lassen,1977,18975
Los Angeles,1977,7230640
Madera,1977,51700
Marin,1977,222660
Mariposa,1977,9025
Mendocino,1977,60280
Merced,1977,123785
Modoc,1977,8075
Mono,1977,7300
Monterey,1977,274775
Napa,1977,94120
Nevada,1977,38610
Orange,1977,1781225
Placer,1977,97975
Plumas,1977,14700
Riverside,1977,565040
Sacramento,1977,718330
San Benito,1977,22540
San Bernardino,1977,746340
San Diego,1977,1686430
San Francisco,1977,686700
San Joaquin,1977,310750
San Luis Obispo,1977,137350
San Mateo,1977,581460
Santa Barbara,1977,289535
Santa Clara,1977,1223705
Santa Cruz,1977,169650
Shasta,1977,97925
Sierra,1977,3000
Siskiyou,1977,36125
Solano,1977,199215
Sonoma,1977,264565
Stanislaus,1977,239090
Sutter,1977,48550
Tehama,1977,33925
Trinity,1977,10500
Tulare,1977,223900
Tuolumne,1977,27870
Ventura,1977,467925
Yolo,1977,107410
Yuba,1977,46925
Alameda,1978,1109850
Alpine,1978,950
Amador,1978,16870
Butte,1978,132415
Calaveras,1978,17860
Colusa,1978,12910
Contra Costa,1978,625340
Del Norte,1978,17210
El Dorado,1978,70850
Fresno,1978,490530
Glenn,1978,20240
Humboldt,1978,107145
Imperial,1978,87570
Inyo,1978,17910
Kern,1978,378785
Kings,1978,72675
Lake,1978,31140
Lassen,1978,19425
Los Angeles,1978,7255960
Madera,1978,54810
Marin,1978,223680
Mariposa,1978,9550
Mendocino,1978,62260
Merced,1978,127245
Modoc,1978,8210
Mono,1978,7500
Monterey,1978,279110
Napa,1978,96280
Nevada,1978,42435
Orange,1978,1833300
Placer,1978,104040
Plumas,1978,15400
Riverside,1978,595325
Sacramento,1978,735920
San Benito,1978,23420
San Bernardino,1978,786570
San Diego,1978,1742625
San Francisco,1978,683000
San Joaquin,1978,321030
San Luis Obispo,1978,143100
San Mateo,1978,583050
Santa Barbara,1978,292000
Santa Clara,1978,1243210
Santa Cruz,1978,176200
Shasta,1978,104075
Sierra,1978,3050
Siskiyou,1978,37200
Solano,1978,207705
Sonoma,1978,277805
Stanislaus,1978,249375
Sutter,1978,49700
Tehama,1978,35155
Trinity,1978,11000
Tulare,1978,230645
Tuolumne,1978,29610
Ventura,1978,485375
Yolo,1978,108950
Yuba,1978,48180
Alameda,1979,1104250
Alpine,1979,1050
Amador,1979,18040
Butte,1979,136530
Calaveras,1979,19280
Colusa,1979,13010
Contra Costa,1979,638170
Del Norte,1979,17660
El Dorado,1979,77525
Fresno,1979,500115
Glenn,1979,20680
Humboldt,1979,107770
Imperial,1979,89150
Inyo,1979,18040
Kern,1979,388615
Kings,1979,73375
Lake,1979,33570
Lassen,1979,20625
Los Angeles,1979,7366045
Madera,1979,58300
Marin,1979,223410
Mariposa,1979,10200
Mendocino,1979,64260
Merced,1979,130080
Modoc,1979,8310
Mono,1979,7900
Monterey,1979,284425
Napa,1979,98100
Nevada,1979,46350
Orange,1979,1875325
Placer,1979,110455
Plumas,1979,16190
Riverside,1979,625370
Sacramento,1979,755920
San Benito,1979,24130
San Bernardino,1979,832560
San Diego,1979,1803400
San Francisco,1979,680100
San Joaquin,1979,331770
San Luis Obispo,1979,148575
San Mateo,1979,584310
Santa Barbara,1979,294460
Santa Clara,1979,1264265
Santa Cruz,1979,181700
Shasta,1979,110050
Sierra,1979,3100
Siskiyou,1979,38280
Solano,1979,218730
Sonoma,1979,288110
Stanislaus,1979,257370
Sutter,1979,51000
Tehama,1979,36555
Trinity,1979,11500
Tulare,1979,237180
Tuolumne,1979,32800
Ventura,1979,502575
Yolo,1979,110690
Yuba,1979,48820
Alameda,1980,1105379
Alpine,1980,1097
Amador,1980,19314
Butte,1980,143851
Calaveras,1980,20710
Colusa,1980,12791
Contra Costa,1980,656331
Del Norte,1980,18217
El Dorado,1980,85812
Fresno,1980,514621
Glenn,1980,21350
Humboldt,1980,108525
Imperial,1980,92110
Inyo,1980,17895
Kern,1980,403089
Kings,1980,73738
Lake,1980,36366
Lassen,1980,21661
Los Angeles,1980,7477421
Madera,1980,63116
Marin,1980,222592
Mariposa,1980,11108
Mendocino,1980,66738
Merced,1980,134558
Modoc,1980,8610
Mono,1980,8577
Monterey,1980,290444
Napa,1980,99199
Nevada,1980,51645
Orange,1980,1932718
Placer,1980,117247
Plumas,1980,17340
Riverside,1980,663199
Sacramento,1980,783381
San Benito,1980,25005
San Bernardino,1980,895016
San Diego,1980,1861846
San Francisco,1980,678974
San Joaquin,1980,347342
San Luis Obispo,1980,155435
San Mateo,1980,587329
Santa Barbara,1980,298694
Santa Clara,1980,1295071
Santa Cruz,1980,188143
Shasta,1980,115715
Sierra,1980,3073
Siskiyou,1980,39732
Solano,1980,235203
Sonoma,1980,299681
Stanislaus,1980,265900
Sutter,1980,52246
Tehama,1980,38888
Trinity,1980,11858
Tulare,1980,245738
Tuolumne,1980,33928
Ventura,1980,529174
Yolo,1980,113374
Yuba,1980,49733
Alameda,1981,1117700
Alpine,1981,1090
Amador,1981,19800
Butte,1981,146790
Calaveras,1981,21350
Colusa,1981,13015
Contra Costa,1981,662850
Del Norte,1981,18610
El Dorado,1981,87900
Fresno,1981,523215
Glenn,1981,21780
Humboldt,1981,109745
Imperial,1981,93370
Inyo,1981,17900
Kern,1981,412730
Kings,1981,75035
Lake,1981,37690
Lassen,1981,22250
Los Angeles,1981,7555045
Madera,1981,65475
Marin,1981,222880
Mariposa,1981,11300
Mendocino,1981,67785
Merced,1981,137575
Modoc,1981,8835
Mono,1981,8800
Monterey,1981,296530
Napa,1981,99650
Nevada,1981,54225
Orange,1981,1974475
Placer,1981,120750
Plumas,1981,17570
Riverside,1981,683675
Sacramento,1981,796985
San Benito,1981,25480
San Bernardino,1981,917625
San Diego,1981,1902600
San Francisco,1981,684000
San Joaquin,1981,356120
San Luis Obispo,1981,159275
San Mateo,1981,589715
Santa Barbara,1981,303140
Santa Clara,1981,1311590
Santa Cruz,1981,191000
Shasta,1981,118500
Sierra,1981,3080
Siskiyou,1981,40340
Solano,1981,241820
Sonoma,1981,305010
Stanislaus,1981,271675
Sutter,1981,53240
Tehama,1981,39630
Trinity,1981,12150
Tulare,1981,250770
Tuolumne,1981,34820
Ventura,1981,538450
Yolo,1981,114500
Yuba,1981,49780
Alameda,1982,1134030
Alpine,1982,1110
Amador,1982,20230
Butte,1982,150750
Calaveras,1982,22250
Colusa,1982,13485
Contra Costa,1982,672855
Del Norte,1982,18790
El Dorado,1982,90875
Fresno,1982,535480
Glenn,1982,22120
Humboldt,1982,110235
Imperial,1982,94810
Inyo,1982,18150
Kern,1982,426270
Kings,1982,76750
Lake,1982,39255
Lassen,1982,23050
Los Angeles,1982,7690120
Madera,1982,68000
Marin,1982,222905
Mariposa,1982,11550
Mendocino,1982,69190
Merced,1982,141500
Modoc,1982,9085
Mono,1982,9100
Monterey,1982,303010
Napa,1982,100560
Nevada,1982,57455
Orange,1982,2024400
Placer,1982,125045
Plumas,1982,18010
Riverside,1982,711765
Sacramento,1982,819600
San Benito,1982,26330
San Bernardino,1982,949730
San Diego,1982,1940610
San Francisco,1982,691200
San Joaquin,1982,368360
San Luis Obispo,1982,163950
San Mateo,1982,592770
Santa Barbara,1982,309890
Santa Clara,1982,1332425
Santa Cruz,1982,194525
Shasta,1982,121100
Sierra,1982,3150
Siskiyou,1982,40940
Solano,1982,250615
Sonoma,1982,311350
Stanislaus,1982,278460
Sutter,1982,54580
Tehama,1982,40690
Trinity,1982,12300
Tulare,1982,257220
Tuolumne,1982,35890
Ventura,1982,552150
Yolo,1982,116370
Yuba,1982,50650
Alameda,1983,1151690
Alpine,1983,1120
Amador,1983,20610
Butte,1983,153780
Calaveras,1983,23190
Colusa,1983,13930
Contra Costa,1983,684230
Del Norte,1983,18840
El Dorado,1983,92775
Fresno,1983,548895
Glenn,1983,22445
Humboldt,1983,109640
Imperial,1983,96050
Inyo,1983,18420
Kern,1983,440450
Kings,1983,79260
Lake,1983,40825
Lassen,1983,23650
Los Angeles,1983,7846985
Madera,1983,70000
Marin,1983,222490
Mariposa,1983,11750
Mendocino,1983,70295
Merced,1983,145465
Modoc,1983,9315
Mono,1983,9250
Monterey,1983,310915
Napa,1983,101355
Nevada,1983,59635
Orange,1983,2065525
Placer,1983,128470
Plumas,1983,18120
Riverside,1983,740705
Sacramento,1983,842445
San Benito,1983,27180
San Bernardino,1983,978840
San Diego,1983,1981890
San Francisco,1983,699800
San Joaquin,1983,380650
San Luis Obispo,1983,168350
San Mateo,1983,599610
Santa Barbara,1983,317970
Santa Clara,1983,1355450
Santa Cruz,1983,198200
Shasta,1983,122525
Sierra,1983,3250
Siskiyou,1983,41220
Solano,1983,258425
Sonoma,1983,317765
Stanislaus,1983,285175
Sutter,1983,56100
Tehama,1983,41705
Trinity,1983,12350
Tulare,1983,263940
Tuolumne,1983,36980
Ventura,1983,566050
Yolo,1983,118220
Yuba,1983,51470
Alameda,1984,1170400
Alpine,1984,1080
Amador,1984,21090
Butte,1984,156590
Calaveras,1984,23820
Colusa,1984,14035
Contra Costa,1984,694215
Del Norte,1984,18830
El Dorado,1984,94275
Fresno,1984,563655
Glenn,1984,22665
Humboldt,1984,109905
Imperial,1984,96720
Inyo,1984,18260
Kern,1984,453340
Kings,1984,81045
Lake,1984,42760
Lassen,1984,23825
Los Angeles,1984,7984895
Madera,1984,71900
Marin,1984,222390
Mariposa,1984,11950
Mendocino,1984,71305
Merced,1984,150335
Modoc,1984,9465
Mono,1984,9000
Monterey,1984,318370
Napa,1984,101850
Nevada,1984,61320
Orange,1984,2103125
Placer,1984,132010
Plumas,1984,18090
Riverside,1984,774515
Sacramento,1984,861365
San Benito,1984,28050
San Bernardino,1984,1007890
San Diego,1984,2033690
San Francisco,1984,708700
San Joaquin,1984,393340
San Luis Obispo,1984,173475
San Mateo,1984,607935
Santa Barbara,1984,326130
Santa Clara,1984,1378960
Santa Cruz,1984,201725
Shasta,1984,124500
Sierra,1984,3240
Siskiyou,1984,41160
Solano,1984,263855
Sonoma,1984,323145
Stanislaus,1984,291865
Sutter,1984,56850
Tehama,1984,42530
Trinity,1984,12500
Tulare,1984,270815
Tuolumne,1984,37810
Ventura,1984,578700
Yolo,1984,119590
Yuba,1984,52020
Alameda,1985,1185540
Alpine,1985,1100
Amador,1985,21800
Butte,1985,159640
Calaveras,1985,24660
Colusa,1985,14300
Contra Costa,1985,704655
Del Norte,1985,18970
El Dorado,1985,97150
Fresno,1985,577420
Glenn,1985,22730
Humboldt,1985,110430
Imperial,1985,97840
Inyo,1985,18130
Kern,1985,466565
Kings,1985,83155
Lake,1985,44700
Lassen,1985,24125
Los Angeles,1985,8121235
Madera,1985,73825
Marin,1985,220545
Mariposa,1985,12300
Mendocino,1985,72670
Merced,1985,154655
Modoc,1985,9475
Mono,1985,8800
Monterey,1985,324035
Napa,1985,102470
Nevada,1985,63510
Orange,1985,2143725
Placer,1985,136565
Plumas,1985,18390
Riverside,1985,815160
Sacramento,1985,880555
San Benito,1985,29260
San Bernardino,1985,1044505
San Diego,1985,2080360
San Francisco,1985,720400
San Joaquin,1985,408540
San Luis Obispo,1985,179875
San Mateo,1985,614410
Santa Barbara,1985,333860
Santa Clara,1985,1400365
Santa Cruz,1985,206025
Shasta,1985,127525
Sierra,1985,3230
Siskiyou,1985,41375
Solano,1985,269460
Sonoma,1985,329755
Stanislaus,1985,298420
Sutter,1985,57350
Tehama,1985,43530
Trinity,1985,12700
Tulare,1985,277170
Tuolumne,1985,38950
Ventura,1985,590700
Yolo,1985,122180
Yuba,1985,52690
Alameda,1986,1206850
Alpine,1986,1140
Amador,1986,22470
Butte,1986,163050
Calaveras,1986,25560
Colusa,1986,14695
Contra Costa,1986,718540
Del Norte,1986,19320
El Dorado,1986,100925
Fresno,1986,588215
Glenn,1986,22955
Humboldt,1986,111210
Imperial,1986,99360
Inyo,1986,17940
Kern,1986,480610
Kings,1986,84170
Lake,1986,45920
Lassen,1986,24650
Los Angeles,1986,8285890
Madera,1986,75525
Marin,1986,220780
Mariposa,1986,12550
Mendocino,1986,74025
Merced,1986,158275
Modoc,1986,9315
Mono,1986,8810
Monterey,1986,330595
Napa,1986,103535
Nevada,1986,65870
Orange,1986,2193250
Placer,1986,141515
Plumas,1986,18640
Riverside,1986,862655
Sacramento,1986,904720
San Benito,1986,30680
San Bernardino,1986,1094355
San Diego,1986,2148990
San Francisco,1986,732900
San Joaquin,1986,425435
San Luis Obispo,1986,187775
San Mateo,1986,618530
Santa Barbara,1986,341840
Santa Clara,1986,1415375
Santa Cruz,1986,210650
Shasta,1986,130225
Sierra,1986,3200
Siskiyou,1986,41295
Solano,1986,278605
Sonoma,1986,338760
Stanislaus,1986,307350
Sutter,1986,58170
Tehama,1986,44330
Trinity,1986,12750
Tulare,1986,283725
Tuolumne,1986,41080
Ventura,1986,604325
Yolo,1986,124140
Yuba,1986,53330
Alameda,1987,1220650
Alpine,1987,1130
Amador,1987,23330
Butte,1987,166140
Calaveras,1987,26810
Colusa,1987,14820
Contra Costa,1987,733400
Del Norte,1987,19780
El Dorado,1987,105275
Fresno,1987,601290
Glenn,1987,22970
Humboldt,1987,112145
Imperial,1987,100550
Inyo,1987,17760
Kern,1987,492940
Kings,1987,84430
Lake,1987,46840
Lassen,1987,25725
Los Angeles,1987,8452090
Madera,1987,77325
Marin,1987,221655
Mariposa,1987,12800
Mendocino,1987,75025
Merced,1987,161310
Modoc,1987,9200
Mono,1987,8820
Monterey,1987,335865
Napa,1987,104570
Nevada,1987,68515
Orange,1987,2243500
Placer,1987,147305
Plumas,1987,18780
Riverside,1987,919660
Sacramento,1987,934700
San Benito,1987,32050
San Bernardino,1987,1155600
San Diego,1987,2223710
San Francisco,1987,736700
San Joaquin,1987,441610
San Luis Obispo,1987,193950
San Mateo,1987,622700
Santa Barbara,1987,348250
Santa Clara,1987,1427020
Santa Cruz,1987,215400
Shasta,1987,132650
Sierra,1987,3170
Siskiyou,1987,41250
Solano,1987,291560
Sonoma,1987,348560
Stanislaus,1987,318855
Sutter,1987,59210
Tehama,1987,45155
Trinity,1987,12600
Tulare,1987,289725
Tuolumne,1987,42400
Ventura,1987,618825
Yolo,1987,126400
Yuba,1987,54170
Alameda,1988,1242380
Alpine,1988,1100
Amador,1988,25770
Butte,1988,170790
Calaveras,1988,28170
Colusa,1988,15075
Contra Costa,1988,750900
Del Norte,1988,20450
El Dorado,1988,110725
Fresno,1988,618340
Glenn,1988,23265
Humboldt,1988,113715
Imperial,1988,102570
Inyo,1988,17780
Kern,1988,504230
Kings,1988,90000
Lake,1988,47830
Lassen,1988,26425
Los Angeles,1988,8585275
Madera,1988,79975
Marin,1988,222085
Mariposa,1988,13150
Mendocino,1988,76190
Merced,1988,165490
Modoc,1988,9185
Mono,1988,8970
Monterey,1988,340785
Napa,1988,105510
Nevada,1988,71385
Orange,1988,2292425
Placer,1988,154005
Plumas,1988,19140
Riverside,1988,983860
Sacramento,1988,967060
San Benito,1988,33380
San Bernardino,1988,1229435
San Diego,1988,2300910
San Francisco,1988,733300
San Joaquin,1988,454795
San Luis Obispo,1988,198850
San Mateo,1988,629825
Santa Barbara,1988,352965
Santa Clara,1988,1445000
Santa Cruz,1988,219200
Shasta,1988,136225
Sierra,1988,3230
Siskiyou,1988,41655
Solano,1988,304490
Sonoma,1988,359620
Stanislaus,1988,331715
Sutter,1988,60580
Tehama,1988,46280
Trinity,1988,12700
Tulare,1988,296100
Tuolumne,1988,44160
Ventura,1988,635875
Yolo,1988,131530
Yuba,1988,55310
Alameda,1989,1261175
Alpine,1989,1090
Amador,1989,27585
Butte,1989,175180
Calaveras,1989,29720
Colusa,1989,15630
Contra Costa,1989,772800
Del Norte,1989,20630
El Dorado,1989,116800
Fresno,1989,638385
Glenn,1989,23865
Humboldt,1989,115860
Imperial,1989,104920
Inyo,1989,17940
Kern,1989,518330
Kings,1989,95150
Lake,1989,48750
Lassen,1989,27050
Los Angeles,1989,8706540
Madera,1989,82175
Marin,1989,224445
Mariposa,1989,13450
Mendocino,1989,77660
Merced,1989,169985
Modoc,1989,9325
Mono,1989,9190
Monterey,1989,344215
Napa,1989,107170
Nevada,1989,74065
Orange,1989,2344225
Placer,1989,160880
Plumas,1989,19320
Riverside,1989,1057215
Sacramento,1989,996450
San Benito,1989,34970
San Bernardino,1989,1310775
San Diego,1989,2388680
San Francisco,1989,727500
San Joaquin,1989,466295
San Luis Obispo,1989,205800
San Mateo,1989,638310
Santa Barbara,1989,359915
Santa Clara,1989,1471040
Santa Cruz,1989,224550
Shasta,1989,140075
Sierra,1989,3220
Siskiyou,1989,42395
Solano,1989,318050
Sonoma,1989,371275
Stanislaus,1989,346365
Sutter,1989,61790
Tehama,1989,47425
Trinity,1989,13000
Tulare,1989,301550
Tuolumne,1989,46050
Ventura,1989,653425
Yolo,1989,135010
Yuba,1989,56280
Alameda,1990,1274800
Alpine,1990,1100
Amador,1990,29610
Butte,1990,180420
Calaveras,1990,31540
Colusa,1990,16155
Contra Costa,1990,797600
Del Norte,1990,21660
El Dorado,1990,123900
Fresno,1990,661435
Glenn,1990,24550
Humboldt,1990,118380
Imperial,1990,108330
Inyo,1990,18200
Kern,1990,537315
Kings,1990,100800
Lake,1990,50160
Lassen,1990,27000
Los Angeles,1990,8832675
Madera,1990,86375
Marin,1990,229950
Mariposa,1990,14050
Mendocino,1990,79725
Merced,1990,176335
Modoc,1990,9590
Mono,1990,9750
Monterey,1990,353340
Napa,1990,109960
Nevada,1990,77410
Orange,1990,2398275
Placer,1990,170110
Plumas,1990,19620
Riverside,1990,1144370
Sacramento,1990,1031525
San Benito,1990,36420
San Bernardino,1990,1396675
San Diego,1990,2480080
San Francisco,1990,724100
San Joaquin,1990,477720
San Luis Obispo,1990,215000
San Mateo,1990,647370
Santa Barbara,1990,368035
Santa Clara,1990,1493815
Santa Cruz,1990,228700
Shasta,1990,145375
Sierra,1990,3280
Siskiyou,1990,43315
Solano,1990,335190
Sonoma,1990,384665
Stanislaus,1990,365025
Sutter,1990,63730
Tehama,1990,49100
Trinity,1990,13050
Tulare,1990,309150
Tuolumne,1990,47950
Ventura,1990,666750
Yolo,1990,139940
Yuba,1990,57730
Alameda,1991,1284782
Alpine,1991,1107
Amador,1991,31049
Butte,1991,185393
Calaveras,1991,33480
Colusa,1991,16497
Contra Costa,1991,814985
Del Norte,1991,25488
El Dorado,1991,130181
Fresno,1991,682755
Glenn,1991,25073
Humboldt,1991,120404
Imperial,1991,112628
Inyo,1991,18250
Kern,1991,559776
Kings,1991,103838
Lake,1991,52002
Lassen,1991,27955
Los Angeles,1991,8908269
Madera,1991,91856
Marin,1991,231492
Mariposa,1991,14722
Mendocino,1991,81213
Merced,1991,182804
Modoc,1991,9730
Mono,1991,10162
Monterey,1991,361230
Napa,1991,111747
Nevada,1991,80549
Orange,1991,2435408
Placer,1991,179242
Plumas,1991,19973
Riverside,1991,1221257
Sacramento,1991,1063417
San Benito,1991,37408
San Bernardino,1991,1464203
San Diego,1991,2529756
San Francisco,1991,724593
San Joaquin,1991,487943
San Luis Obispo,1991,219320
San Mateo,1991,651093
Santa Barbara,1991,371903
Santa Clara,1991,1501771
Santa Cruz,1991,230309
Shasta,1991,150857
Sierra,1991,3322
Siskiyou,1991,43841
Solano,1991,349396
Sonoma,1991,394070
Stanislaus,1991,380858
Sutter,1991,66159
Tehama,1991,50730
Trinity,1991,13059
Tulare,1991,318460
Tuolumne,1991,49562
Ventura,1991,673051
Yolo,1991,143825
Yuba,1991,59352
Alameda,1992,1302709
Alpine,1992,1126
Amador,1992,31908
Butte,1992,189133
Calaveras,1992,35216
Colusa,1992,16838
Contra Costa,1992,832229
Del Norte,1992,26915
El Dorado,1992,134898
Fresno,1992,705720
Glenn,1992,25537
Humboldt,1992,122410
Imperial,1992,118976
Inyo,1992,18292
Kern,1992,581031
Kings,1992,107264
Lake,1992,53753
Lassen,1992,28319
Los Angeles,1992,9007999
Madera,1992,97514
Marin,1992,234380
Mariposa,1992,15321
Mendocino,1992,82113
Merced,1992,188277
Modoc,1992,9857
Mono,1992,10372
Monterey,1992,368998
Napa,1992,113457
Nevada,1992,82802
Orange,1992,2485231
Placer,1992,187203
Plumas,1992,20464
Riverside,1992,1275484
Sacramento,1992,1088352
San Benito,1992,38880
San Bernardino,1992,1516475
San Diego,1992,2572449
San Francisco,1992,728487
San Joaquin,1992,498616
San Luis Obispo,1992,221953
San Mateo,1992,657980
Santa Barbara,1992,376685
Santa Clara,1992,1519153
Santa Cruz,1992,232591
Shasta,1992,155126
Sierra,1992,3345
Siskiyou,1992,44145
Solano,1992,359175
Sonoma,1992,402835
Stanislaus,1992,392727
Sutter,1992,68597
Tehama,1992,52184
Trinity,1992,13173
Tulare,1992,327996
Tuolumne,1992,50756
Ventura,1992,681632
Yolo,1992,147212
Yuba,1992,60728
Alameda,1993,1318127
Alpine,1993,1131
Amador,1993,32535
Butte,1993,191758
Calaveras,1993,36332
Colusa,1993,17151
Contra Costa,1993,848587
Del Norte,1993,27427
El Dorado,1993,138788
Fresno,1993,723413
Glenn,1993,25836
Humboldt,1993,124028
Imperial,1993,126463
Inyo,1993,18311
Kern,1993,596025
Kings,1993,110082
Lake,1993,54969
Lassen,1993,28580
Los Angeles,1993,9072159
Madera,1993,102305
Marin,1993,236340
Mariposa,1993,15840
Mendocino,1993,82691
Merced,1993,192539
Modoc,1993,9958
Mono,1993,10767
Monterey,1993,372530
Napa,1993,115079
Nevada,1993,84185
Orange,1993,2531053
Placer,1993,194001
Plumas,1993,20839
Riverside,1993,1312341
Sacramento,1993,1103844
San Benito,1993,40444
San Bernardino,1993,1546550
San Diego,1993,2594111
San Francisco,1993,736629
San Joaquin,1993,505801
San Luis Obispo,1993,224525
San Mateo,1993,664394
Santa Barbara,1993,378473
Santa Clara,1993,1542054
Santa Cruz,1993,235076
Shasta,1993,157278
Sierra,1993,3423
Siskiyou,1993,44487
Solano,1993,364627
Sonoma,1993,410785
Stanislaus,1993,401589
Sutter,1993,70578
Tehama,1993,52988
Trinity,1993,13305
Tulare,1993,335435
Tuolumne,1993,51651
Ventura,1993,690042
Yolo,1993,149033
Yuba,1993,61494
Alameda,1994,1327526
Alpine,1994,1125
Amador,1994,33044
Butte,1994,194067
Calaveras,1994,37170
Colusa,1994,17437
Contra Costa,1994,860963
Del Norte,1994,27707
El Dorado,1994,141843
Fresno,1994,735807
Glenn,1994,25921
Humboldt,1994,124568
Imperial,1994,131840
Inyo,1994,18410
Kern,1994,606886
Kings,1994,112623
Lake,1994,55776
Lassen,1994,28719
Los Angeles,1994,9095157
Madera,1994,106261
Marin,1994,237352
Mariposa,1994,16189
Mendocino,1994,83182
Merced,1994,196610
Modoc,1994,10010
Mono,1994,11235
Monterey,1994,366353
Napa,1994,116039
Nevada,1994,85329
Orange,1994,2563058
Placer,1994,199993
Plumas,1994,20862
Riverside,1994,1340214
Sacramento,1994,1113761
San Benito,1994,41651
San Bernardino,1994,1562188
San Diego,1994,2604440
San Francisco,1994,742795
San Joaquin,1994,511050
San Luis Obispo,1994,227036
San Mateo,1994,668711
Santa Barbara,1994,379723
Santa Clara,1994,1558454
Santa Cruz,1994,237408
Shasta,1994,158558
Sierra,1994,3489
Siskiyou,1994,44888
Solano,1994,368030
Sonoma,1994,416791
Stanislaus,1994,408275
Sutter,1994,72202
Tehama,1994,53516
Trinity,1994,13446
Tulare,1994,341476
Tuolumne,1994,52402
Ventura,1994,697180
Yolo,1994,150388
Yuba,1994,61806
Alameda,1995,1333031
Alpine,1995,1145
Amador,1995,33293
Butte,1995,196394
Calaveras,1995,37979
Colusa,1995,17694
Contra Costa,1995,869176
Del Norte,1995,27843
El Dorado,1995,143863
Fresno,1995,748424
Glenn,1995,26161
Humboldt,1995,124721
Imperial,1995,134848
Inyo,1995,18427
Kern,1995,615564
Kings,1995,114825
Lake,1995,56350
Lassen,1995,28792
Los Angeles,1995,9103896
Madera,1995,108817
Marin,1995,238053
Mariposa,1995,16384
Mendocino,1995,83554
Merced,1995,198740
Modoc,1995,10014
Mono,1995,11416
Monterey,1995,360146
Napa,1995,116817
Nevada,1995,86426
Orange,1995,2590109
Placer,1995,207159
Plumas,1995,20817
Riverside,1995,1365456
Sacramento,1995,1118579
San Benito,1995,43310
San Bernardino,1995,1574240
San Diego,1995,2613112
San Francisco,1995,741615
San Joaquin,1995,517926
San Luis Obispo,1995,229160
San Mateo,1995,673274
Santa Barbara,1995,382374
Santa Clara,1995,1568225
Santa Cruz,1995,239889
Shasta,1995,159389
Sierra,1995,3527
Siskiyou,1995,45020
Solano,1995,368227
Sonoma,1995,421676
Stanislaus,1995,413017
Sutter,1995,73548
Tehama,1995,54199
Trinity,1995,13507
Tulare,1995,347539
Tuolumne,1995,52402
Ventura,1995,702830
Yolo,1995,152924
Yuba,1995,61927
Alameda,1996,1340509
Alpine,1996,1192
Amador,1996,33603
Butte,1996,197611
Calaveras,1996,38480
Colusa,1996,17990
Contra Costa,1996,878070
Del Norte,1996,27823
El Dorado,1996,145949
Fresno,1996,761143
Glenn,1996,26370
Humboldt,1996,125161
Imperial,1996,137153
Inyo,1996,18386
Kern,1996,622389
Kings,1996,116031
Lake,1996,56638
Lassen,1996,30588
Los Angeles,1996,9104719
Madera,1996,111663
Marin,1996,238149
Mariposa,1996,16512
Mendocino,1996,84022
Merced,1996,198572
Modoc,1996,9954
Mono,1996,11547
Monterey,1996,360554
Napa,1996,117739
Nevada,1996,87593
Orange,1996,2625277
Placer,1996,215019
Plumas,1996,20775
Riverside,1996,1391844
Sacramento,1996,1127700
San Benito,1996,45186
San Bernardino,1996,1591186
San Diego,1996,2621129
San Francisco,1996,741971
San Joaquin,1996,525367
San Luis Obispo,1996,231876
San Mateo,1996,677926
Santa Barbara,1996,384301
Santa Clara,1996,1586378
Santa Cruz,1996,242299
Shasta,1996,159889
Sierra,1996,3582
Siskiyou,1996,44781
Solano,1996,368121
Sonoma,1996,427005
Stanislaus,1996,417488
Sutter,1996,74573
Tehama,1996,54608
Trinity,1996,13454
Tulare,1996,351910
Tuolumne,1996,52406
Ventura,1996,707772
Yolo,1996,155710
Yuba,1996,61756
Alameda,1997,1361330
Alpine,1997,1225
Amador,1997,34149
Butte,1997,198696
Calaveras,1997,39264
Colusa,1997,18304
Contra Costa,1997,892630
Del Norte,1997,28214
El Dorado,1997,148373
Fresno,1997,770597
Glenn,1997,26404
Humboldt,1997,125847
Imperial,1997,138581
Inyo,1997,18434
Kern,1997,630818
Kings,1997,117059
Lake,1997,56837
Lassen,1997,33159
Los Angeles,1997,9147051
Madera,1997,115349
Marin,1997,239616
Mariposa,1997,16647
Mendocino,1997,84807
Merced,1997,200064
Modoc,1997,9978
Mono,1997,11786
Monterey,1997,369997
Napa,1997,119130
Nevada,1997,88741
Orange,1997,2672796
Placer,1997,222286
Plumas,1997,20865
Riverside,1997,1420573
Sacramento,1997,1141918
San Benito,1997,47243
San Bernardino,1997,1613959
San Diego,1997,2653447
San Francisco,1997,746762
San Joaquin,1997,532567
San Luis Obispo,1997,235693
San Mateo,1997,685153
Santa Barbara,1997,387698
Santa Clara,1997,1612739
Santa Cruz,1997,245175
Shasta,1997,160627
Sierra,1997,3602
Siskiyou,1997,44726
Solano,1997,371380
Sonoma,1997,434133
Stanislaus,1997,423184
Sutter,1997,75699
Tehama,1997,54923
Trinity,1997,13348
Tulare,1997,355119
Tuolumne,1997,52961
Ventura,1997,716062
Yolo,1997,158311
Yuba,1997,61833
Alameda,1998,1389000
Alpine,1998,1215
Amador,1998,34295
Butte,1998,200017
Calaveras,1998,39804
Colusa,1998,18459
Contra Costa,1998,910831
Del Norte,1998,28309
El Dorado,1998,150857
Fresno,1998,777563
Glenn,1998,26393
Humboldt,1998,125908
Imperial,1998,139129
Inyo,1998,18436
Kern,1998,638250
Kings,1998,120661
Lake,1998,56989
Lassen,1998,33774
Los Angeles,1998,9225813
Madera,1998,118133
Marin,1998,241975
Mariposa,1998,16799
Mendocino,1998,85276
Merced,1998,203174
Modoc,1998,9836
Mono,1998,11991
Monterey,1998,382885
Napa,1998,120545
Nevada,1998,89830
Orange,1998,2724525
Placer,1998,229686
Plumas,1998,20918
Riverside,1998,1451371
Sacramento,1998,1157440
San Benito,1998,49334
San Bernardino,1998,1638423
San Diego,1998,2702805
San Francisco,1998,753810
San Joaquin,1998,540109
San Luis Obispo,1998,239147
San Mateo,1998,693089
Santa Barbara,1998,391283
Santa Clara,1998,1638277
Santa Cruz,1998,248422
Shasta,1998,161571
Sierra,1998,3617
Siskiyou,1998,44675
Solano,1998,377121
Sonoma,1998,442025
Stanislaus,1998,429054
Sutter,1998,76657
Tehama,1998,55285
Trinity,1998,13235
Tulare,1998,358668
Tuolumne,1998,53641
Ventura,1998,725390
Yolo,1998,160733
Yuba,1998,61419
Alameda,1999,1412315
Alpine,1999,1182
Amador,1999,34433
Butte,1999,201022
Calaveras,1999,39983
Colusa,1999,18526
Contra Costa,1999,928482
Del Norte,1999,27742
El Dorado,1999,153232
Fresno,1999,785020
Glenn,1999,26315
Humboldt,1999,125928
Imperial,1999,140026
Inyo,1999,18285
Kern,1999,647021
Kings,1999,125424
Lake,1999,57275
Lassen,1999,33586
Los Angeles,1999,9330171
Madera,1999,120305
Marin,1999,243767
Mariposa,1999,16913
Mendocino,1999,85515
Merced,1999,205892
Modoc,1999,9540
Mono,1999,12354
Monterey,1999,390540
Napa,1999,121913
Nevada,1999,90587
Orange,1999,2776163
Placer,1999,238293
Plumas,1999,20794
Riverside,1999,1490474
Sacramento,1999,1185132
San Benito,1999,51191
San Bernardino,1999,1667189
San Diego,1999,2751011
San Francisco,1999,762359
San Joaquin,1999,549218
San Luis Obispo,1999,242083
San Mateo,1999,698333
Santa Barbara,1999,393498
Santa Clara,1999,1658055
Santa Cruz,1999,251571
Shasta,1999,162048
Sierra,1999,3593
Siskiyou,1999,44352
Solano,1999,384322
Sonoma,1999,449455
Stanislaus,1999,436130
Sutter,1999,77463
Tehama,1999,55459
Trinity,1999,13129
Tulare,1999,362168
Tuolumne,1999,54037
Ventura,1999,735960
Yolo,1999,163491
Yuba,1999,60506
Alameda,2000,1437136
Alpine,2000,1196
Amador,2000,34990
Butte,2000,202658
Calaveras,2000,40465
Colusa,2000,18734
Contra Costa,2000,944953
Del Norte,2000,27509
El Dorado,2000,155702
Fresno,2000,796187
Glenn,2000,26405
Humboldt,2000,126476
Imperial,2000,141848
Inyo,2000,18101
Kern,2000,658902
Kings,2000,128787
Lake,2000,58084
Lassen,2000,33770
Los Angeles,2000,9477651
Madera,2000,122629
Marin,2000,246503
Mariposa,2000,17068
Mendocino,2000,86110
Merced,2000,209522
Modoc,2000,9445
Mono,2000,12770
Monterey,2000,399392
Napa,2000,123782
Nevada,2000,91642
Orange,2000,2849481
Placer,2000,246712
Plumas,2000,20801
Riverside,2000,1535125
Sacramento,2000,1217219
San Benito,2000,52884
San Bernardino,2000,1701374
San Diego,2000,2801336
San Francisco,2000,773312
San Joaquin,2000,560634
San Luis Obispo,2000,245696
San Mateo,2000,705052
Santa Barbara,2000,397877
Santa Clara,2000,1676920
Santa Cruz,2000,254815
Shasta,2000,162889
Sierra,2000,3553
Siskiyou,2000,44281
Solano,2000,392833
Sonoma,2000,456899
Stanislaus,2000,444967
Sutter,2000,78631
Tehama,2000,55875
Trinity,2000,13031
Tulare,2000,366766
Tuolumne,2000,54374
Ventura,2000,749740
Yolo,2000,167551
Yuba,2000,60220
Alameda,2001,1457185
Alpine,2001,1220
Amador,2001,35495
Butte,2001,204591
Calaveras,2001,41042
Colusa,2001,18974
Contra Costa,2001,962076
Del Norte,2001,27434
El Dorado,2001,160079
Fresno,2001,808611
Glenn,2001,26584
Humboldt,2001,127011
Imperial,2001,143941
Inyo,2001,18162
Kern,2001,672004
Kings,2001,131100
Lake,2001,59260
Lassen,2001,33763
Los Angeles,2001,9590080
Madera,2001,125359
Marin,2001,247590
Mariposa,2001,17163
Mendocino,2001,86825
Merced,2001,214203
Modoc,2001,9473
Mono,2001,13034
Monterey,2001,404569
Napa,2001,125396
Nevada,2001,92693
Orange,2001,2889644
Placer,2001,258293
Plumas,2001,20681
Riverside,2001,1589708
Sacramento,2001,1248072
San Benito,2001,54165
San Bernardino,2001,1741416
San Diego,2001,2849238
San Francisco,2001,780614
San Joaquin,2001,578121
San Luis Obispo,2001,249687
San Mateo,2001,707965
Santa Barbara,2001,401667
Santa Clara,2001,1690366
Santa Cruz,2001,256031
Shasta,2001,165590
Sierra,2001,3603
Siskiyou,2001,44331
Solano,2001,399476
Sonoma,2001,462958
Stanislaus,2001,456423
Sutter,2001,79722
Tehama,2001,56149
Trinity,2001,12961
Tulare,2001,371479
Tuolumne,2001,54957
Ventura,2001,762944
Yolo,2001,172450
Yuba,2001,60879
Alameda,2002,1467063
Alpine,2002,1242
Amador,2002,36159
Butte,2002,206942
Calaveras,2002,41773
Colusa,2002,19229
Contra Costa,2002,974657
Del Norte,2002,27517
El Dorado,2002,163300
Fresno,2002,821809
Glenn,2002,26702
Humboldt,2002,128052
Imperial,2002,145954
Inyo,2002,18311
Kern,2002,688063
Kings,2002,133551
Lake,2002,60525
Lassen,2002,33628
Los Angeles,2002,9679212
Madera,2002,127469
Marin,2002,247567
Mariposa,2002,17365
Mendocino,2002,87326
Merced,2002,220018
Modoc,2002,9417
Mono,2002,13298
Monterey,2002,407440
Napa,2002,127064
Nevada,2002,94048
Orange,2002,2919801
Placer,2002,270845
Plumas,2002,20702
Riverside,2002,1655291
Sacramento,2002,1279588
San Benito,2002,54948
San Bernardino,2002,1782268
San Diego,2002,2890256
San Francisco,2002,782765
San Joaquin,2002,596039
San Luis Obispo,2002,252604
San Mateo,2002,706213
Santa Barbara,2002,404794
Santa Clara,2002,1693230
Santa Cruz,2002,255890
Shasta,2002,168304
Sierra,2002,3576
Siskiyou,2002,44331
Solano,2002,404895
Sonoma,2002,465726
Stanislaus,2002,468340
Sutter,2002,81086
Tehama,2002,56873
Trinity,2002,13061
Tulare,2002,377666
Tuolumne,2002,55619
Ventura,2002,774438
Yolo,2002,177180
Yuba,2002,62080
Alameda,2003,1467892
Alpine,2003,1248
Amador,2003,36656
Butte,2003,209389
Calaveras,2003,42651
Colusa,2003,19538
Contra Costa,2003,984256
Del Norte,2003,27744
El Dorado,2003,166195
Fresno,2003,837256
Glenn,2003,26974
Humboldt,2003,129468
Imperial,2003,149041
Inyo,2003,18461
Kern,2003,707111
Kings,2003,136710
Lake,2003,61492
Lassen,2003,33828
Los Angeles,2003,9756914
Madera,2003,130641
Marin,2003,247342
Mariposa,2003,17612
Mendocino,2003,87764
Merced,2003,225946
Modoc,2003,9456
Mono,2003,13478
Monterey,2003,410276
Napa,2003,128683
Nevada,2003,95277
Orange,2003,2944565
Placer,2003,283703
Plumas,2003,20722
Riverside,2003,1730219
Sacramento,2003,1307189
San Benito,2003,55330
San Bernardino,2003,1825379
San Diego,2003,2927216
San Francisco,2003,782599
San Joaquin,2003,612295
San Luis Obispo,2003,254583
San Mateo,2003,704014
Santa Barbara,2003,407828
Santa Clara,2003,1693752
Santa Cruz,2003,255368
Shasta,2003,170782
Sierra,2003,3555
Siskiyou,2003,44491
Solano,2003,407882
Sonoma,2003,467139
Stanislaus,2003,478283
Sutter,2003,83018
Tehama,2003,57847
Trinity,2003,13273
Tulare,2003,385769
Tuolumne,2003,56177
Ventura,2003,784632
Yolo,2003,180798
Yuba,2003,63349
Alameda,2004,1466407
Alpine,2004,1257
Amador,2004,36961
Butte,2004,211419
Calaveras,2004,43554
Colusa,2004,19933
Contra Costa,2004,993958
Del Norte,2004,28029
El Dorado,2004,168984
Fresno,2004,853057
Glenn,2004,27210
Humboldt,2004,130712
Imperial,2004,152420
Inyo,2004,18533
Kern,2004,728872
Kings,2004,140688
Lake,2004,62307
Lassen,2004,34313
Los Angeles,2004,9806944
Madera,2004,134645
Marin,2004,246990
Mariposa,2004,17818
Mendocino,2004,88130
Merced,2004,232356
Modoc,2004,9556
Mono,2004,13650
Monterey,2004,411544
Napa,2004,129814
Nevada,2004,96540
Orange,2004,2965398
Placer,2004,296712
Plumas,2004,20824
Riverside,2004,1814485
Sacramento,2004,1331910
San Benito,2004,55374
San Bernardino,2004,1875063
San Diego,2004,2953703
San Francisco,2004,781308
San Joaquin,2004,629787
San Luis Obispo,2004,257045
San Mateo,2004,702254
Santa Barbara,2004,410357
Santa Clara,2004,1695602
Santa Cruz,2004,254986
Shasta,2004,172729
Sierra,2004,3506
Siskiyou,2004,44691
Solano,2004,410164
Sonoma,2004,469103
Stanislaus,2004,486639
Sutter,2004,85097
Tehama,2004,58953
Trinity,2004,13453
Tulare,2004,395127
Tuolumne,2004,56407
Ventura,2004,792213
Yolo,2004,184015
Yuba,2004,64604
Alameda,2005,1462736
Alpine,2005,1237
Amador,2005,37434
Butte,2005,212955
Calaveras,2005,44348
Colusa,2005,20374
Contra Costa,2005,1001216
Del Norte,2005,28251
El Dorado,2005,171739
Fresno,2005,866058
Glenn,2005,27394
Humboldt,2005,131467
Imperial,2005,155793
Inyo,2005,18511
Kern,2005,750969
Kings,2005,143607
Lake,2005,62870
Lassen,2005,34552
Los Angeles,2005,9816153
Madera,2005,138174
Marin,2005,246688
Mariposa,2005,17965
Mendocino,2005,88129
Merced,2005,238069
Modoc,2005,9595
Mono,2005,13763
Monterey,2005,409557
Napa,2005,130472
Nevada,2005,97454
Orange,2005,2973845
Placer,2005,307710
Plumas,2005,20880
Riverside,2005,1895695
Sacramento,2005,1350523
San Benito,2005,55221
San Bernardino,2005,1921423
San Diego,2005,2966783
San Francisco,2005,780187
San Joaquin,2005,645059
San Luis Obispo,2005,259213
San Mateo,2005,700350
Santa Barbara,2005,411440
Santa Clara,2005,1698234
Santa Cruz,2005,254783
Shasta,2005,173862
Sierra,2005,3449
Siskiyou,2005,44865
Solano,2005,410985
Sonoma,2005,469734
Stanislaus,2005,494144
Sutter,2005,87097
Tehama,2005,59976
Trinity,2005,13654
Tulare,2005,404148
Tuolumne,2005,56411
Ventura,2005,795962
Yolo,2005,186530
Yuba,2005,66478
Alameda,2006,1462371
Alpine,2006,1232
Amador,2006,37843
Butte,2006,214690
Calaveras,2006,45044
Colusa,2006,20729
Contra Costa,2006,1007169
Del Norte,2006,28296
El Dorado,2006,174218
Fresno,2006,879128
Glenn,2006,27628
Humboldt,2006,131958
Imperial,2006,160088
Inyo,2006,18442
Kern,2006,774062
Kings,2006,146045
Lake,2006,63449
Lassen,2006,34769
Los Angeles,2006,9798609
Madera,2006,141693
Marin,2006,246969
Mariposa,2006,18150
Mendocino,2006,87802
Merced,2006,243072
Modoc,2006,9614
Mono,2006,13975
Monterey,2006,406935
Napa,2006,131330
Nevada,2006,98068
Orange,2006,2973057
Placer,2006,317437
Plumas,2006,20785
Riverside,2006,1975913
Sacramento,2006,1365214
San Benito,2006,55025
San Bernardino,2006,1959715
San Diego,2006,2976492
San Francisco,2006,781295
San Joaquin,2006,656247
San Luis Obispo,2006,260873
San Mateo,2006,699347
Santa Barbara,2006,412271
Santa Clara,2006,1706676
Santa Cruz,2006,255107
Shasta,2006,174747
Sierra,2006,3427
Siskiyou,2006,44918
Solano,2006,410964
Sonoma,2006,469751
Stanislaus,2006,500780
Sutter,2006,89364
Tehama,2006,61000
Trinity,2006,13806
Tulare,2006,412239
Tuolumne,2006,56506
Ventura,2006,799049
Yolo,2006,189078
Yuba,2006,68464
Alameda,2007,1470622
Alpine,2007,1252
Amador,2007,38025
Butte,2007,216401
Calaveras,2007,45477
Colusa,2007,21006
Contra Costa,2007,1015672
Del Norte,2007,28378
El Dorado,2007,176226
Fresno,2007,893088
Glenn,2007,27872
Humboldt,2007,132443
Imperial,2007,164707
Inyo,2007,18434
Kern,2007,795982
Kings,2007,148933
Lake,2007,63890
Lassen,2007,35379
Los Angeles,2007,9780808
Madera,2007,145163
Marin,2007,248025
Mariposa,2007,18310
Mendocino,2007,87617
Merced,2007,247542
Modoc,2007,9615
Mono,2007,14182
Monterey,2007,406890
Napa,2007,132537
Nevada,2007,98408
Orange,2007,2977151
Placer,2007,325985
Plumas,2007,20654
Riverside,2007,2049902
Sacramento,2007,1380172
San Benito,2007,54948
San Bernardino,2007,1989690
San Diego,2007,2998477
San Francisco,2007,787127
San Joaquin,2007,665304
San Luis Obispo,2007,262982
San Mateo,2007,701838
Santa Barbara,2007,414750
Santa Clara,2007,1725066
Santa Cruz,2007,256543
Shasta,2007,175546
Sierra,2007,3384
Siskiyou,2007,44877
Solano,2007,411998
Sonoma,2007,471479
Stanislaus,2007,505959
Sutter,2007,91563
Tehama,2007,61777
Trinity,2007,13806
Tulare,2007,419842
Tuolumne,2007,56347
Ventura,2007,803572
Yolo,2007,192826
Yuba,2007,69719
Alameda,2008,1484085
Alpine,2008,1228
Amador,2008,37975
Butte,2008,217801
Calaveras,2008,45670
Colusa,2008,21145
Contra Costa,2008,1027264
Del Norte,2008,28526
El Dorado,2008,177897
Fresno,2008,906521
Glenn,2008,28066
Humboldt,2008,132931
Imperial,2008,168495
Inyo,2008,18416
Kern,2008,812830
Kings,2008,151106
Lake,2008,64178
Lassen,2008,35437
Los Angeles,2008,9785474
Madera,2008,147958
Marin,2008,249546
Mariposa,2008,18381
Mendocino,2008,87715
Merced,2008,250734
Modoc,2008,9607
Mono,2008,14143
Monterey,2008,409387
Napa,2008,133969
Nevada,2008,98581
Orange,2008,2990648
Placer,2008,333805
Plumas,2008,20483
Riverside,2008,2102741
Sacramento,2008,1394510
San Benito,2008,55022
San Bernardino,2008,2009594
San Diego,2008,3032689
San Francisco,2008,795002
San Joaquin,2008,672492
San Luis Obispo,2008,265505
San Mateo,2008,707820
Santa Barbara,2008,418309
Santa Clara,2008,1747912
Santa Cruz,2008,258737
Shasta,2008,176240
Sierra,2008,3314
Siskiyou,2008,44952
Solano,2008,412908
Sonoma,2008,474819
Stanislaus,2008,509389
Sutter,2008,92983
Tehama,2008,62365
Trinity,2008,13759
Tulare,2008,427531
Tuolumne,2008,56098
Ventura,2008,808970
Yolo,2008,196219
Yuba,2008,70820
Alameda,2009,1497799
Alpine,2009,1194
Amador,2009,37884
Butte,2009,218887
Calaveras,2009,45632
Colusa,2009,21221
Contra Costa,2009,1038390
Del Norte,2009,28565
El Dorado,2009,179150
Fresno,2009,918560
Glenn,2009,28088
Humboldt,2009,133484
Imperial,2009,171670
Inyo,2009,18416
Kern,2009,825503
Kings,2009,151816
Lake,2009,64384
Lassen,2009,34947
Los Angeles,2009,9801096
Madera,2009,149632
Marin,2009,250760
Mariposa,2009,18334
Mendocino,2009,87677
Merced,2009,253026
Modoc,2009,9628
Mono,2009,14074
Monterey,2009,412233
Napa,2009,135225
Nevada,2009,98558
Orange,2009,3006995
Placer,2009,340995
Plumas,2009,20216
Riverside,2009,2140626
Sacramento,2009,1406168
San Benito,2009,55068
San Bernardino,2009,2019432
San Diego,2009,3064436
San Francisco,2009,800239
San Joaquin,2009,677833
San Luis Obispo,2009,267537
San Mateo,2009,713818
Santa Barbara,2009,421197
Santa Clara,2009,1767204
Santa Cruz,2009,260892
Shasta,2009,176756
Sierra,2009,3264
Siskiyou,2009,44996
Solano,2009,412832
Sonoma,2009,478622
Stanislaus,2009,511226
Sutter,2009,93918
Tehama,2009,62921
Trinity,2009,13750
Tulare,2009,434933
Tuolumne,2009,55661
Ventura,2009,815284
Yolo,2009,198642
Yuba,2009,71609
Alameda,2010,1509240
Alpine,2010,1178
Amador,2010,38011
Butte,2010,219967
Calaveras,2010,45602
Colusa,2010,21380
Contra Costa,2010,1047948
Del Norte,2010,28581
El Dorado,2010,180682
Fresno,2010,929758
Glenn,2010,28120
Humboldt,2010,134353
Imperial,2010,174244
Inyo,2010,18525
Kern,2010,837074
Kings,2010,152717
Lake,2010,64580
Lassen,2010,34794
Los Angeles,2010,9822121
Madera,2010,150749
Marin,2010,252279
Mariposa,2010,18277
Mendocino,2010,87807
Merced,2010,255399
Modoc,2010,9666
Mono,2010,14160
Monterey,2010,415108
Napa,2010,136316
Nevada,2010,98682
Orange,2010,3025097
Placer,2010,347133
Plumas,2010,20045
Riverside,2010,2179692
Sacramento,2010,1417259
San Benito,2010,55272
San Bernardino,2010,2033141
San Diego,2010,3091579
San Francisco,2010,804989
San Joaquin,2010,684057
San Luis Obispo,2010,269333
San Mateo,2010,718614
Santa Barbara,2010,423740
Santa Clara,2010,1781427
Santa Cruz,2010,262552
Shasta,2010,177248
Sierra,2010,3247
Siskiyou,2010,44962
Solano,2010,413268
Sonoma,2010,482961
Stanislaus,2010,514003
Sutter,2010,94765
Tehama,2010,63418
Trinity,2010,13811
Tulare,2010,441245
Tuolumne,2010,55291
Ventura,2010,822108
Yolo,2010,200484
Yuba,2010,72083
Alameda,2011,1525457
Alpine,2011,1169
Amador,2011,37716
Butte,2011,220711
Calaveras,2011,45540
Colusa,2011,21520
Contra Costa,2011,1059557
Del Norte,2011,28363
El Dorado,2011,181227
Fresno,2011,938164
Glenn,2011,28234
Humboldt,2011,135691
Imperial,2011,176355
Inyo,2011,18550
Kern,2011,845564
Kings,2011,151336
Lake,2011,64821
Lassen,2011,34653
Los Angeles,2011,9871802
Madera,2011,151185
Marin,2011,254091
Mariposa,2011,18251
Mendocino,2011,87442
Merced,2011,258788
Modoc,2011,9718
Mono,2011,14277
Monterey,2011,417892
Napa,2011,136901
Nevada,2011,98429
Orange,2011,3034764
Placer,2011,353263
Plumas,2011,19991
Riverside,2011,2212675
Sacramento,2011,1429290
San Benito,2011,55661
San Bernardino,2011,2054451
San Diego,2011,3119963
San Francisco,2011,815365
San Joaquin,2011,691689
San Luis Obispo,2011,270024
San Mateo,2011,726326
Santa Barbara,2011,424400
Santa Clara,2011,1803329
Santa Cruz,2011,264802
Shasta,2011,177603
Sierra,2011,3241
Siskiyou,2011,44964
Solano,2011,413527
Sonoma,2011,485538
Stanislaus,2011,517628
Sutter,2011,95111
Tehama,2011,63529
Trinity,2011,13751
Tulare,2011,445549
Tuolumne,2011,55259
Ventura,2011,829563
Yolo,2011,202736
Yuba,2011,72532
Alameda,2012,1543365
Alpine,2012,1166
Amador,2012,37651
Butte,2012,221100
Calaveras,2012,45496
Colusa,2012,21619
Contra Costa,2012,1070440
Del Norte,2012,28211
El Dorado,2012,181187
Fresno,2012,947416
Glenn,2012,28312
Humboldt,2012,135336
Imperial,2012,178933
Inyo,2012,18543
Kern,2012,853807
Kings,2012,151383
Lake,2012,64729
Lassen,2012,33893
Los Angeles,2012,9949794
Madera,2012,151379
Marin,2012,255992
Mariposa,2012,18249
Mendocino,2012,87654
Merced,2012,262100
Modoc,2012,9659
Mono,2012,14256
Monterey,2012,423072
Napa,2012,138120
Nevada,2012,98130
Orange,2012,3068570
Placer,2012,358371
Plumas,2012,19971
Riverside,2012,2240166
Sacramento,2012,1440656
San Benito,2012,55775
San Bernardino,2012,2070638
San Diego,2012,3153521
San Francisco,2012,825465
San Joaquin,2012,698555
San Luis Obispo,2012,271504
San Mateo,2012,735206
Santa Barbara,2012,428194
Santa Clara,2012,1828843
Santa Cruz,2012,267234
Shasta,2012,177591
Sierra,2012,3233
Siskiyou,2012,44841
Solano,2012,416133
Sonoma,2012,487954
Stanislaus,2012,521675
Sutter,2012,95113
Tehama,2012,63590
Trinity,2012,13740
Tulare,2012,450599
Tuolumne,2012,54991
Ventura,2012,834487
Yolo,2012,204487
Yuba,2012,72882
Alameda,2013,1567167
Alpine,2013,1164
Amador,2013,37304
Butte,2013,222185
Calaveras,2013,45424
Colusa,2013,21698
Contra Costa,2013,1083937
Del Norte,2013,27792
El Dorado,2013,180729
Fresno,2013,955945
Glenn,2013,28424
Humboldt,2013,135021
Imperial,2013,180179
Inyo,2013,18557
Kern,2013,863724
Kings,2013,150498
Lake,2013,64763
Lassen,2013,32795
Los Angeles,2013,10020599
Madera,2013,151338
Marin,2013,257522
Mariposa,2013,18195
Mendocino,2013,88206
Merced,2013,264387
Modoc,2013,9646
Mono,2013,14031
Monterey,2013,427147
Napa,2013,138838
Nevada,2013,97773
Orange,2013,3102152
Placer,2013,362305
Plumas,2013,19920
Riverside,2013,2265789
Sacramento,2013,1452468
San Benito,2013,55998
San Bernardino,2013,2085944
San Diego,2013,3193688
San Francisco,2013,839674
San Joaquin,2013,704739
San Luis Obispo,2013,273304
San Mateo,2013,745799
Santa Barbara,2013,433073
Santa Clara,2013,1857211
Santa Cruz,2013,269192
Shasta,2013,178430
Sierra,2013,3215
Siskiyou,2013,44825
Solano,2013,419272
Sonoma,2013,491980
Stanislaus,2013,525744
Sutter,2013,95721
Tehama,2013,63641
Trinity,2013,13731
Tulare,2013,455047
Tuolumne,2013,54938
Ventura,2013,841047
Yolo,2013,207213
Yuba,2013,73343
Alameda,2014,1588576
Alpine,2014,1163
Amador,2014,37815
Butte,2014,223137
Calaveras,2014,45358
Colusa,2014,21794
Contra Costa,2014,1098018
Del Norte,2014,27343
El Dorado,2014,182030
Fresno,2014,964611
Glenn,2014,28497
Humboldt,2014,134977
Imperial,2014,182006
Inyo,2014,18613
Kern,2014,871803
Kings,2014,149754
Lake,2014,64851
Lassen,2014,31982
Los Angeles,2014,10088458
Madera,2014,153224
Marin,2014,260622
Mariposa,2014,18218
Mendocino,2014,88194
Merced,2014,266528
Modoc,2014,9636
Mono,2014,13935
Monterey,2014,429308
Napa,2014,140189
Nevada,2014,97842
Orange,2014,3126918
Placer,2014,367108
Plumas,2014,19893
Riverside,2014,2291262
Sacramento,2014,1465964
San Benito,2014,56219
San Bernardino,2014,2100689
San Diego,2014,3230269
San Francisco,2014,848448
San Joaquin,2014,712134
San Luis Obispo,2014,275625
San Mateo,2014,752700
Santa Barbara,2014,438512
Santa Clara,2014,1880197
Santa Cruz,2014,271134
Shasta,2014,178831
Sierra,2014,3204
Siskiyou,2014,44809
Solano,2014,423371
Sonoma,2014,495864
Stanislaus,2014,529850
Sutter,2014,96036
Tehama,2014,63743
Trinity,2014,13722
Tulare,2014,458864
Tuolumne,2014,55082
Ventura,2014,847232
Yolo,2014,208820
Yuba,2014,73646
Alameda,2015,1611770
Alpine,2015,1163
Amador,2015,37765
Butte,2015,224285
Calaveras,2015,45267
Colusa,2015,21873
Contra Costa,2015,1112328
Del Norte,2015,26953
El Dorado,2015,183172
Fresno,2015,975043
Glenn,2015,28564
Humboldt,2015,135183
Imperial,2015,184569
Inyo,2015,18563
Kern,2015,880346
Kings,2015,149730
Lake,2015,65146
Lassen,2015,31608
Los Angeles,2015,10149661
Madera,2015,154827
Marin,2015,262409
Mariposa,2015,18172
Mendocino,2015,88215
Merced,2015,269111
Modoc,2015,9617
Mono,2015,13868
Monterey,2015,432740
Napa,2015,140884
Nevada,2015,98217
Orange,2015,3152314
Placer,2015,370387
Plumas,2015,19860
Riverside,2015,2317895
Sacramento,2015,1481969
San Benito,2015,56452
San Bernardino,2015,2120672
San Diego,2015,3264449
San Francisco,2015,858224
San Joaquin,2015,723856
San Luis Obispo,2015,276669
San Mateo,2015,760343
Santa Barbara,2015,442987
Santa Clara,2015,1905156
Santa Cruz,2015,273966
Shasta,2015,179004
Sierra,2015,3195
Siskiyou,2015,44731
Solano,2015,427148
Sonoma,2015,500083
Stanislaus,2015,534905
Sutter,2015,96390
Tehama,2015,63839
Trinity,2015,13676
Tulare,2015,462033
Tuolumne,2015,54664
Ventura,2015,851426
Yolo,2015,211078
Yuba,2015,74044
Alameda,2016,1629738
Alpine,2016,1160
Amador,2016,37667
Butte,2016,224432
Calaveras,2016,45246
Colusa,2016,21965
Contra Costa,2016,1127279
Del Norte,2016,26956
El Dorado,2016,184461
Fresno,2016,984537
Glenn,2016,28639
Humboldt,2016,135417
Imperial,2016,186019
Inyo,2016,18632
Kern,2016,886153
Kings,2016,149744
Lake,2016,64741
Lassen,2016,30822
Los Angeles,2016,10180169
Madera,2016,154906
Marin,2016,263210
Mariposa,2016,18167
Mendocino,2016,88721
Merced,2016,271500
Modoc,2016,9625
Mono,2016,13676
Monterey,2016,438175
Napa,2016,141711
Nevada,2016,98520
Orange,2016,3172222
Placer,2016,375618
Plumas,2016,19847
Riverside,2016,2346717
Sacramento,2016,1495611
San Benito,2016,56624
San Bernardino,2016,2133906
San Diego,2016,3284477
San Francisco,2016,865709
San Joaquin,2016,735319
San Luis Obispo,2016,278141
San Mateo,2016,766589
Santa Barbara,2016,447073
Santa Clara,2016,1924582
Santa Cruz,2016,275737
Shasta,2016,177874
Sierra,2016,3195
Siskiyou,2016,44718
Solano,2016,430907
Sonoma,2016,502475
Stanislaus,2016,541006
Sutter,2016,96614
Tehama,2016,63946
Trinity,2016,13647
Tulare,2016,466431
Tuolumne,2016,54952
Ventura,2016,853961
Yolo,2016,215413
Yuba,2016,74328
Alameda,2017,1646405
Alpine,2017,1156
Amador,2017,38382
Butte,2017,226403
Calaveras,2017,45175
Colusa,2017,22050
Contra Costa,2017,1139313
Del Norte,2017,27060
El Dorado,2017,186223
Fresno,2017,995233
Glenn,2017,28730
Humboldt,2017,136430
Imperial,2017,187921
Inyo,2017,18598
Kern,2017,896101
Kings,2017,149559
Lake,2017,64740
Lassen,2017,30661
Los Angeles,2017,10231271
Madera,2017,156963
Marin,2017,263262
Mariposa,2017,18137
Mendocino,2017,89092
Merced,2017,275104
Modoc,2017,9562
Mono,2017,13759
Monterey,2017,442149
Napa,2017,141784
Nevada,2017,98613
Orange,2017,3198968
Placer,2017,383173
Plumas,2017,19818
Riverside,2017,2382640
Sacramento,2017,1513415
San Benito,2017,56879
San Bernardino,2017,2155590
San Diego,2017,3309509
San Francisco,2017,874008
San Joaquin,2017,747263
San Luis Obispo,2017,279210
San Mateo,2017,770256
Santa Barbara,2017,450025
Santa Clara,2017,1937473
Santa Cruz,2017,276504
Shasta,2017,178148
Sierra,2017,3203
Siskiyou,2017,44615
Solano,2017,436640
Sonoma,2017,504613
Stanislaus,2017,549976
Sutter,2017,96919
Tehama,2017,63949
Trinity,2017,13634
Tulare,2017,470716
Tuolumne,2017,54725
Ventura,2017,855910
Yolo,2017,218673
Yuba,2017,74645
Alameda,2018,1660202
Alpine,2018,1154
Amador,2018,38094
Butte,2018,227621
Calaveras,2018,45157
Colusa,2018,22098
Contra Costa,2018,1149363
Del Norte,2018,27221
El Dorado,2018,188399
Fresno,2018,1007229
Glenn,2018,28796
Humboldt,2018,136002
Imperial,2018,190624
Inyo,2018,18577
Kern,2018,905801
Kings,2018,151662
Lake,2018,65081
Lassen,2018,30911
Los Angeles,2018,10283729
Madera,2018,158894
Marin,2018,263886
Mariposa,2018,18129
Mendocino,2018,89299
Merced,2018,279977
Modoc,2018,9612
Mono,2018,13822
Monterey,2018,443281
Napa,2018,141294
Nevada,2018,99155
Orange,2018,3284468
Placer,2018,389532
Plumas,2018,19773
Riverside,2018,2415955
Sacramento,2018,1529501
San Benito,2018,57088
San Bernardino,2018,2174938
San Diego,2018,3337456
San Francisco,2018,883963
San Joaquin,2018,758744
San Luis Obispo,2018,280101
San Mateo,2018,774155
Santa Barbara,2018,453457
Santa Clara,2018,1956598
Santa Cruz,2018,276864
Shasta,2018,178271
Sierra,2018,3207
Siskiyou,2018,44612
Solano,2018,439793
Sonoma,2018,503332
Stanislaus,2018,555624
Sutter,2018,97238
Tehama,2018,64039
Trinity,2018,13635
Tulare,2018,475834
Tuolumne,2018,54740
Ventura,2018,859073
Yolo,2018,221270
Yuba,2018,74727