Entity Name,Fiscal Year,Police Protection_Total,Mental Health_Total,Drug and Alcohol Abuse Services_Total
Alameda,2003,67620724,162111429,28910904
Alpine,2003,1610553,148701,500356
Amador,2003,5715469,1885165,849770
Butte,2003,11450959,28935820,4019764
Calaveras,2003,5672737,2007571,875481
Colusa,2003,3159671,2499952,1782027
Contra Costa,2003,78549758,88054807,19305613
Del Norte,2003,3004638,3055510,654251
El Dorado,2003,19796653,8408390,3046411
Fresno,2003,67466928,65272470,0
Glenn,2003,4251992,3594298,1447071
Humboldt,2003,10179118,18696775,2590703
Imperial,2003,12738280,11720110,2119301
Inyo,2003,3932627,3060994,702535
Kern,2003,56700193,59119640,10021022
Kings,2003,7884414,8203505,1778267
Lake,2003,7647010,6242206,2134868
Lassen,2003,2019785,2870974,1361576
Los Angeles,2003,1007572763,945781445,149581202
Madera,2003,8224549,8599753,1654343
Marin,2003,18801342,23931544,6167598
Mariposa,2003,3282766,1455045,592834
Mendocino,2003,7930285,12310381,2589596
Merced,2003,10645728,17207199,3121560
Modoc,2003,1801129,1273738,733498
Mono,2003,2929163,1114720,740642
Monterey,2003,29670460,26684680,4819777
Napa,2003,13449003,13194410,3747799
Nevada,2003,10772748,4576571,2136289
Orange,2003,227689394,155470232,38814007
Placer,2003,50767361,21432866,0
Plumas,2003,4847346,2207001,1384322
Riverside,2003,199290902,82587112,16006438
Sacramento,2003,179853799,27998807,19185351
San Benito,2003,3552413,2349221,849236
San Bernardino,2003,181707404,112362437,19196909
San Diego,2003,184520110,234883823,51820773
San Joaquin,2003,37461159,60203002,14573686
San Luis Obispo,2003,19518428,20774740,4632359
San Mateo,2003,49817476,71567633,17216299
Santa Barbara,2003,39760736,39741898,10350096
Santa Clara,2003,93537797,192275635,39531711
Santa Cruz,2003,19831732,31552556,6450219
Shasta,2003,14342669,18339737,3419042
Sierra,2003,1978345,392354,599094
Siskiyou,2003,8465358,6339258,1313579
Solano,2003,44119150,38057657,4536708
Sonoma,2003,44380422,37558274,11168082
Stanislaus,2003,32526451,53649815,6344730
Sutter,2003,4828724,15539921,0
Tehama,2003,5512369,6896817,1488624
Trinity,2003,2417792,2007615,847895
Tulare,2003,23358578,33911642,8776200
Tuolumne,2003,7643773,4885216,810134
Ventura,2003,89912232,44349665,15070495
Yolo,2003,6205625,0,3507093
Yuba,2003,6894491,0,0
Alameda,2004,72540104,167862041,27567999
Alpine,2004,1411586,137872,601698
Amador,2004,6210532,1714272,873767
Butte,2004,12669016,30120195,3340605
Calaveras,2004,5902700,1856610,928659
Colusa,2004,2952782,1610137,1144972
Contra Costa,2004,75819659,94886080,18531640
Del Norte,2004,2717209,2759741,566917
El Dorado,2004,20797287,8571123,2693801
Fresno,2004,62136123,74113956,17116408
Glenn,2004,4278423,4611684,1430071
Humboldt,2004,10783742,20334679,2843612
Imperial,2004,10775006,11906532,2022720
Inyo,2004,5692408,3004368,687035
Kern,2004,56527173,60205277,10463769
Kings,2004,8880312,8834629,1629702
Lake,2004,7533979,6331111,2554171
Lassen,2004,2996516,2669519,1510122
Los Angeles,2004,1033691751,950311560,157804368
Madera,2004,8905287,7195897,1530546
Marin,2004,19848617,23908061,6092468
Mariposa,2004,3213560,1958722,111405
Mendocino,2004,8318158,12507371,2282764
Merced,2004,10720571,17890739,3109916
Modoc,2004,1593334,1291254,886638
Mono,2004,2948007,1047928,840485
Monterey,2004,28555545,28403855,5052604
Napa,2004,13588790,12259115,3643087
Nevada,2004,9150543,6251427,2028469
Orange,2004,257792065,153061668,37529543
Placer,2004,32506718,20373297,0
Plumas,2004,4885864,2298827,1194604
Riverside,2004,207788419,82308936,21768164
Sacramento,2004,192046018,30521736,21318815
San Benito,2004,3320398,2080205,884253
San Bernardino,2004,193404302,112225350,18290764
San Diego,2004,199262432,203853434,46296090
San Joaquin,2004,37740221,59718240,15178402
San Luis Obispo,2004,20011682,21285703,4454579
San Mateo,2004,55492650,75104212,15392107
Santa Barbara,2004,45005652,44186944,9583155
Santa Clara,2004,84698598,199264874,40456462
Santa Cruz,2004,20978924,35885667,7178600
Shasta,2004,14639482,18679767,3555961
Sierra,2004,1800877,490189,638396
Siskiyou,2004,9015158,8158473,891697
Solano,2004,45707536,38123109,5223977
Sonoma,2004,44907506,35770336,13464266
Stanislaus,2004,33338656,51755703,5451786
Sutter,2004,5589209,17763123,0
Tehama,2004,5616758,5627031,1565177
Trinity,2004,2507141,2317221,950650
Tulare,2004,30588556,33952286,7983610
Tuolumne,2004,8304057,4540299,730381
Ventura,2004,102473813,42792104,14466118
Yolo,2004,6882545,0,3737889
Yuba,2004,7506291,0,0
Alameda,2005,76907655,181211420,25692084
Alpine,2005,1546810,178317,317451
Amador,2005,7094286,1885961,1009361
Butte,2005,12574972,28259152,3792756
Calaveras,2005,6683908,2101680,996785
Colusa,2005,3607734,1437522,985561
Contra Costa,2005,80603616,94955684,15881269
Del Norte,2005,2741249,3598068,641414
El Dorado,2005,23279478,8929797,2460570
Fresno,2005,70418614,73694532,17123342
Glenn,2005,4133211,5196580,1233242
Humboldt,2005,9852412,21085985,2258952
Imperial,2005,12316559,17231635,2309263
Inyo,2005,4101268,2325397,688403
Kern,2005,60561903,68244000,12515498
Kings,2005,9598313,8444195,1814466
Lake,2005,8322863,7191732,2703273
Lassen,2005,3443077,3227974,1529384
Los Angeles,2005,1089177409,954330553,149800462
Madera,2005,8572126,7079888,1626114
Marin,2005,18675408,25985598,6287297
Mariposa,2005,3718021,1295678,568025
Mendocino,2005,8975028,12489606,2258336
Merced,2005,11798901,17464529,2973734
Modoc,2005,1468041,1730945,767257
Mono,2005,3982726,2541628,0
Monterey,2005,31253586,33942878,5228341
Napa,2005,15474950,12641145,4095289
Nevada,2005,10714311,6256039,1609658
Orange,2005,264848785,147622124,38288543
Placer,2005,36880423,23555826,0
Plumas,2005,5899625,2424696,1406776
Riverside,2005,236474284,80622716,24679145
Sacramento,2005,192189733,30652574,21297788
San Benito,2005,4081126,2620434,658254
San Bernardino,2005,201110796,102153170,15953335
San Diego,2005,209139098,216164846,52692212
San Joaquin,2005,40811791,47516861,13981342
San Luis Obispo,2005,22537650,22670261,4217347
San Mateo,2005,59882313,79192945,13549641
Santa Barbara,2005,48625885,47135781,9865437
Santa Clara,2005,91705098,188611827,37635578
Santa Cruz,2005,20755329,37908603,6428473
Shasta,2005,16979868,19226663,3777024
Sierra,2005,1911210,813037,569061
Siskiyou,2005,8927350,9198238,852808
Solano,2005,47758693,38524705,5183775
Sonoma,2005,49278344,39436489,15476813
Stanislaus,2005,36490435,50952365,5384446
Sutter,2005,6470590,19121388,0
Tehama,2005,5903546,5685419,1451259
Trinity,2005,2273188,2044515,892907
Tulare,2005,30816113,36216327,8534292
Tuolumne,2005,8601346,4741845,795615
Ventura,2005,104381340,42613642,14923024
Yolo,2005,7395392,13350366,3781258
Yuba,2005,7811098,0,0
Alameda,2006,81348525,188246300,22671064
Alpine,2006,1824346,225219,392358
Amador,2006,7216485,2326993,1138366
Butte,2006,13132496,32159189,3723555
Calaveras,2006,7510083,2436065,1112014
Colusa,2006,3958466,1686608,768790
Contra Costa,2006,85671379,98072121,16005443
Del Norte,2006,3007230,3649129,714028
El Dorado,2006,26915121,10711577,2670054
Fresno,2006,72531821,58990322,17970186
Glenn,2006,4540145,5673499,1336457
Humboldt,2006,10458033,24959538,2508299
Imperial,2006,15577722,14704715,2165164
Inyo,2006,4346932,2450007,705794
Kern,2006,68049778,72924946,12653368
Kings,2006,11522384,8840646,1965999
Lake,2006,9382078,8225610,3046563
Lassen,2006,3166718,3560738,1501054
Los Angeles,2006,1183067562,1036582033,177132081
Madera,2006,9414271,8245767,1641507
Marin,2006,20801838,27124322,6594682
Mariposa,2006,4068260,1469748,875849
Mendocino,2006,9499019,13767983,2387477
Merced,2006,13718795,17684556,3410155
Modoc,2006,1695419,1924889,933902
Mono,2006,4079039,2253548,0
Monterey,2006,34320044,38161844,5373322
Napa,2006,17541037,13807496,4472289
Nevada,2006,11438550,7209068,1679531
Orange,2006,276371743,150787001,40451886
Placer,2006,45127633,26419835,0
Plumas,2006,6587170,2624215,1318273
Riverside,2006,258658868,102128820,23666664
Sacramento,2006,218112598,33544361,24378062
San Benito,2006,4671871,2643387,564610
San Bernardino,2006,237661535,113837385,17012813
San Diego,2006,201202350,216116031,49064866
San Joaquin,2006,45355699,60681081,10686269
San Luis Obispo,2006,25253764,24520362,4981828
San Mateo,2006,65967250,82433518,15723796
Santa Barbara,2006,50712177,54104303,9734232
Santa Clara,2006,101873567,204988378,39869546
Santa Cruz,2006,22548953,42996437,6445159
Shasta,2006,16927298,20552539,3795196
Sierra,2006,2547699,647754,429399
Siskiyou,2006,9076228,10782605,855604
Solano,2006,55512992,41446602,5194914
Sonoma,2006,55378392,43440644,15861305
Stanislaus,2006,38118246,53525366,5451626
Sutter,2006,6361202,20612210,0
Tehama,2006,6469783,6401698,1703919
Trinity,2006,2315061,2306775,955962
Tulare,2006,32355909,39414738,8870897
Tuolumne,2006,9338208,5934869,803671
Ventura,2006,115381828,46407847,14197814
Yolo,2006,8333117,17317935,3127722
Yuba,2006,8972610,0,0
Alameda,2007,106867280,194606813,24112330
Alpine,2007,2106032,310739,305294
Amador,2007,7431677,2703316,1205738
Butte,2007,15391145,33997468,3902183
Calaveras,2007,8163738,2791232,1097360
Colusa,2007,4289296,3265062,805161
Contra Costa,2007,95772659,101190853,15536002
Del Norte,2007,3283621,4668141,640795
El Dorado,2007,29867660,13514400,2578307
Fresno,2007,82596573,53864848,17818677
Glenn,2007,5422948,5946544,1407862
Humboldt,2007,12464901,25214433,2608901
Imperial,2007,18726350,16039196,2224116
Inyo,2007,4857341,2890385,636906
Kern,2007,73304055,78475385,11790292
Kings,2007,12777546,9625666,1868082
Lake,2007,9715320,9048057,3390897
Lassen,2007,3459167,3821704,1574138
Los Angeles,2007,1328392241,1121004634,175719160
Madera,2007,11565693,10615874,1824946
Marin,2007,25234289,29708867,7853078
Mariposa,2007,4312447,1806708,875420
Mendocino,2007,9725087,17063663,2579412
Merced,2007,16255620,18180676,3593347
Modoc,2007,1856875,1521050,942567
Mono,2007,4175425,1690390,1013639
Monterey,2007,35138888,46697746,5570329
Napa,2007,20716983,15717963,4894634
Nevada,2007,12287428,7047587,1642874
Orange,2007,278462392,178682044,41615689
Placer,2007,49480035,27663695,0
Plumas,2007,6364509,3049018,953050
Riverside,2007,296604555,120431365,24555592
Sacramento,2007,220250701,46225012,23623610
San Benito,2007,5190539,3192646,853955
San Bernardino,2007,256031670,129467081,22017512
San Diego,2007,250188676,214385289,44328928
San Joaquin,2007,51194918,61244430,10506031
San Luis Obispo,2007,29172858,25889871,5988817
San Mateo,2007,77047693,91304189,15597465
Santa Barbara,2007,54333545,59076278,10965294
Santa Clara,2007,105519509,218474504,43350256
Santa Cruz,2007,23293455,49398520,6814833
Shasta,2007,19296559,20918142,3852300
Sierra,2007,3306237,739537,542670
Siskiyou,2007,7960962,12105530,891615
Solano,2007,58724863,45492064,5410927
Sonoma,2007,59580509,45464922,15904893
Stanislaus,2007,43315957,53163944,5860047
Sutter,2007,6934528,22110970,0
Tehama,2007,7233462,6979833,1612383
Trinity,2007,2421861,2437690,955721
Tulare,2007,35003135,43573791,8348173
Tuolumne,2007,9999780,4791271,794913
Ventura,2007,126800606,50961790,13128002
Yolo,2007,8953185,20248848,3313737
Yuba,2007,10361637,0,0
Alameda,2008,108900252,227507505,25382684
Alpine,2008,2878110,603998,320928
Amador,2008,8754565,2738623,1005054
Butte,2008,14697476,34073154,4082667
Calaveras,2008,9009889,3886214,1308997
Colusa,2008,4917667,3943840,690156
Contra Costa,2008,93186434,112893400,15988786
Del Norte,2008,3721761,5406916,753871
El Dorado,2008,31315481,16366498,3427173
Fresno,2008,85081190,81241109,19397512
Glenn,2008,5829512,6426487,1383406
Humboldt,2008,13228912,24469375,2491873
Imperial,2008,18357692,16934573,2641942
Inyo,2008,5447218,3413793,700262
Kern,2008,92039735,84572903,12559640
Kings,2008,12727535,10745776,2450060
Lake,2008,10790255,6969175,4174822
Lassen,2008,3592690,5213580,1356974
Los Angeles,2008,1486912376,1202206272,179639548
Madera,2008,12405060,12746495,2421798
Marin,2008,27892780,32849462,7091033
Mariposa,2008,5464602,2297514,812065
Mendocino,2008,10615319,19553830,2774997
Merced,2008,18659832,17537821,3760049
Modoc,2008,2114424,1761823,813280
Mono,2008,4957529,1904304,905189
Monterey,2008,38561460,52880257,5631623
Napa,2008,21450112,18997012,4507585
Nevada,2008,13515972,9558980,1935637
Orange,2008,310886994,195162415,43283492
Placer,2008,53749731,28349072,0
Plumas,2008,6943528,3305607,1074965
Riverside,2008,341423230,123545172,24086921
Sacramento,2008,235782005,51784477,23284962
San Benito,2008,5710996,4110910,807767
San Bernardino,2008,273978974,165766572,22505191
San Diego,2008,272824792,240113316,47206537
San Joaquin,2008,57302142,67197660,9788099
San Luis Obispo,2008,30861026,30075207,5437000
San Mateo,2008,75090829,100956367,16966752
Santa Barbara,2008,59879920,65553378,11039556
Santa Clara,2008,108384059,249526171,44787892
Santa Cruz,2008,26026071,54053326,6915424
Shasta,2008,20452176,20758461,3580275
Sierra,2008,2508131,982376,532297
Siskiyou,2008,9168125,15780263,829234
Solano,2008,61594593,48250520,5368178
Sonoma,2008,61993694,43337172,16883130
Stanislaus,2008,48115020,56901039,5766789
Sutter,2008,7904356,26932897,0
Tehama,2008,7508729,7340211,1629519
Trinity,2008,2841373,2645018,845290
Tulare,2008,37610378,46558256,9290985
Tuolumne,2008,10608496,5472705,1085574
Ventura,2008,135627970,52925021,13578133
Yolo,2008,9912833,24844589,4179741
Yuba,2008,11732371,0,0
Alameda,2009,101192471,249402149,25555123
Alpine,2009,2255451,742876,412753
Amador,2009,8865401,3145984,682744
Butte,2009,16194830,38607619,4032632
Calaveras,2009,8622770,4104155,1569345
Colusa,2009,5349299,4075822,649209
Contra Costa,2009,95989582,126833224,15237009
Del Norte,2009,3830987,4784376,556884
El Dorado,2009,34113993,15103539,3066603
Fresno,2009,74884339,79678964,20382411
Glenn,2009,5704551,6424347,1146930
Humboldt,2009,14857920,29358897,2602910
Imperial,2009,17752704,17225868,2035783
Inyo,2009,5393004,3144728,757352
Kern,2009,86216537,85818191,14703633
Kings,2009,13756137,11945291,2342255
Lake,2009,10968137,7207869,4121585
Lassen,2009,3637915,5857591,1293999
Los Angeles,2009,1517310400,1355010557,181648313
Madera,2009,13375150,12241753,2004581
Marin,2009,27325438,33092574,6198998
Mariposa,2009,5168775,2828683,859046
Mendocino,2009,10623511,19819020,3034127
Merced,2009,18803719,20383029,3907755
Modoc,2009,1817610,1880356,763930
Mono,2009,5335372,1900578,758081
Monterey,2009,39179391,54959296,6160541
Napa,2009,23525962,19421420,4388905
Nevada,2009,14244235,12552444,1578988
Orange,2009,293824509,216012539,36225705
Placer,2009,60559214,29077789,0
Plumas,2009,6420103,3319271,462430
Riverside,2009,368872711,143552155,24483603
Sacramento,2009,236328197,60660020,23684295
San Benito,2009,5586494,4136798,1233438
San Bernardino,2009,268821110,186128022,20327027
San Diego,2009,270264874,262693130,47644983
San Joaquin,2009,59273079,71021582,10091999
San Luis Obispo,2009,26886614,32544512,5092502
San Mateo,2009,79329328,110335046,16619600
Santa Barbara,2009,59327395,58287918,9962055
Santa Clara,2009,111887725,241157801,44228673
Santa Cruz,2009,26683366,49500822,7324222
Shasta,2009,19915040,21181851,3774572
Sierra,2009,2042605,1703010,388845
Siskiyou,2009,9002218,14517390,907730
Solano,2009,64369438,48179860,5039909
Sonoma,2009,62159915,42972922,16883130
Stanislaus,2009,48884458,53245511,6338195
Sutter,2009,7907195,25267348,0
Tehama,2009,7488008,7976780,1705132
Trinity,2009,2346714,2769849,530860
Tulare,2009,38533917,48362592,8602102
Tuolumne,2009,11346809,8663015,0
Ventura,2009,138623556,55340539,14221043
Yolo,2009,9581091,19682079,3645573
Yuba,2009,12101339,0,0
Alameda,2010,112546150,273464378,26445657
Alpine,2010,2250926,467357,320581
Amador,2010,8655324,3520512,569010
Butte,2010,15768840,40836680,3689432
Calaveras,2010,8640705,4026797,1170690
Colusa,2010,5175879,4667775,608735
Contra Costa,2010,87882365,134754874,13435666
Del Norte,2010,4016979,3893337,545801
El Dorado,2010,30693217,11642001,1570619
Fresno,2010,69649704,77530443,15820591
Glenn,2010,5524778,6048668,883276
Humboldt,2010,13949456,26704324,1849426
Imperial,2010,17473911,22162290,2403221
Inyo,2010,5639227,3487913,663984
Kern,2010,83343711,82345274,10467811
Kings,2010,12938740,11542270,1525465
Lake,2010,10749978,7701751,1946162
Lassen,2010,3516125,4816401,1065499
Los Angeles,2010,1530380504,1316062288,154811626
Madera,2010,13284948,10510221,1468278
Marin,2010,26627882,32288829,5499138
Mariposa,2010,5012767,3502089,778981
Mendocino,2010,11284022,20847657,2843147
Merced,2010,19189799,20615898,3841955
Modoc,2010,2156884,2203103,685422
Mono,2010,8199565,1874401,617837
Monterey,2010,38839644,57995017,805920
Napa,2010,23561923,19357565,4163157
Nevada,2010,14773178,13626892,1526298
Orange,2010,287067311,220980784,27807709
Placer,2010,51531755,27907619,0
Plumas,2010,6284702,3179304,0
Riverside,2010,344379154,125298422,20922485
Sacramento,2010,175950676,155250917,20320453
San Benito,2010,5692057,4700954,1218815
San Bernardino,2010,272472954,178068821,19077026
San Diego,2010,233490125,263344488,41211856
San Joaquin,2010,58381820,65462477,7936437
San Luis Obispo,2010,27604120,33423020,4311298
San Mateo,2010,85226667,111082928,16443889
Santa Barbara,2010,59153453,60565527,8316170
Santa Clara,2010,114183209,247756883,37359058
Santa Cruz,2010,24860328,47437681,6776087
Shasta,2010,20340820,20601205,3294478
Sierra,2010,2328821,1790636,0
Siskiyou,2010,9332427,16725843,590192
Solano,2010,61276280,44756153,4903513
Sonoma,2010,65170051,44105028,15317339
Stanislaus,2010,42702235,52505665,5178291
Sutter,2010,7999900,24500194,0
Tehama,2010,7504344,9213955,1186608
Trinity,2010,2448216,3529584,557322
Tulare,2010,37484865,47920554,6904982
Tuolumne,2010,10522764,7733247,0
Ventura,2010,135781940,50030477,14261942
Yolo,2010,9246666,17492845,2621477
Yuba,2010,12264612,0,0
Alameda,2011,114211130,286613208,23739839
Alpine,2011,2251840,677199,249764
Amador,2011,8755031,3641466,553308
Butte,2011,14029687,40568526,3306435
Calaveras,2011,7652497,4212414,937866
Colusa,2011,5248839,4721590,446897
Contra Costa,2011,101834557,141385608,14261198
Del Norte,2011,3930500,4121823,548649
El Dorado,2011,29894975,14026822,1744131
Fresno,2011,75238946,73485026,16346870
Glenn,2011,5399291,5788270,1063995
Humboldt,2011,14846732,24980873,1898620
Imperial,2011,18456769,24966270,1990742
Inyo,2011,6449388,3448417,772295
Kern,2011,86260143,80828877,10655511
Kings,2011,11907367,12521832,1124862
Lake,2011,10438256,7979814,1908493
Lassen,2011,3469373,5042111,913483
Los Angeles,2011,1504588767,1357450012,163168998
Madera,2011,12427455,12531120,1071505
Marin,2011,27747246,35394031,6068895
Mariposa,2011,4954960,4341418,785790
Mendocino,2011,10648380,19153689,2419027
Merced,2011,19772520,18470174,5281180
Modoc,2011,1733728,2563197,681492
Mono,2011,8121126,1801141,651477
Monterey,2011,37392911,51571604,4191496
Napa,2011,23968764,19852243,4160349
Nevada,2011,14808540,16294367,1458464
Orange,2011,290832184,241927474,21484562
Placer,2011,54456471,27961817,0
Plumas,2011,5803393,3336490,75000
Riverside,2011,352868780,137921457,20818701
Sacramento,2011,186893535,166843510,20222693
San Benito,2011,9282700,4432510,986240
San Bernardino,2011,283752659,192414560,424031
San Diego,2011,277915539,291562059,39012850
San Joaquin,2011,55116390,68580501,7300157
San Luis Obispo,2011,27969114,34903833,4413823
San Mateo,2011,97472533,105393198,15371255
Santa Barbara,2011,61685133,61485751,8572051
Santa Clara,2011,115760688,269420360,37929064
Santa Cruz,2011,24385619,48400879,6198823
Shasta,2011,19008142,23588495,3235991
Sierra,2011,2746345,1861957,116903
Siskiyou,2011,8985936,12655776,637112
Solano,2011,60138543,45557223,5181515
Sonoma,2011,61660340,47872735,13031460
Stanislaus,2011,34575963,55780099,4847159
Sutter,2011,8143387,23507909,0
Tehama,2011,7291801,9598285,1142426
Trinity,2011,2528925,3258791,539551
Tulare,2011,37497826,48044186,7234244
Tuolumne,2011,10967287,6860127,0
Ventura,2011,144354056,47752433,16529647
Yolo,2011,8817562,15903053,2010725
Yuba,2011,12114772,0,0
Alameda,2012,118340656,297303972,22341496
Alpine,2012,2634918,787699,434408
Amador,2012,8651005,3802445,579549
Butte,2012,13466204,43858820,3679888
Calaveras,2012,7396865,4697548,1068450
Colusa,2012,5463678,4668096,351126
Contra Costa,2012,104064144,140675306,12005404
Del Norte,2012,3533841,4611854,530665
El Dorado,2012,30296621,14428322,1540907
Fresno,2012,75944256,85095273,16346870
Glenn,2012,5098105,5547623,1107705
Humboldt,2012,14133157,27788772,1741264
Imperial,2012,18219142,26871024,2267526
Inyo,2012,6277135,3471431,718563
Kern,2012,89752120,87801160,11966035
Kings,2012,11214449,12340723,1095035
Lake,2012,9465194,8427778,1737388
Lassen,2012,4490651,5477828,794206
Los Angeles,2012,1552804835,1496940830,177076549
Madera,2012,12511477,12646731,1015651
Marin,2012,28198057,35191358,6065353
Mariposa,2012,5064027,3447613,676663
Mendocino,2012,10652140,15797746,1774523
Merced,2012,18822224,22568578,3090115
Modoc,2012,1816480,2969450,616325
Mono,2012,7090647,1684319,416342
Monterey,2012,35430522,52097074,3979804
Napa,2012,25525861,18794414,3920892
Nevada,2012,14429022,15766036,1589402
Orange,2012,305315675,238650342,24013335
Placer,2012,57710090,28046853,0
Plumas,2012,7152317,3349584,28051
Riverside,2012,345243193,170771264,21698483
Sacramento,2012,189368345,169260539,20032455
San Benito,2012,6204714,5117818,1139557
San Bernardino,2012,318836273,194680749,0
San Diego,2012,304001717,288447554,50839292
San Joaquin,2012,56566287,74006180,8778753
San Luis Obispo,2012,27878918,35344792,4885595
San Mateo,2012,99049965,109817031,15793385
Santa Barbara,2012,65808644,63835759,8741046
Santa Clara,2012,114343888,270518915,37917650
Santa Cruz,2012,24482145,48097097,5660468
Shasta,2012,20656945,26664399,3220362
Sierra,2012,2977295,1442300,138617
Siskiyou,2012,8670165,8287107,454283
Solano,2012,60219364,47740840,6110086
Sonoma,2012,66253267,51845893,10247750
Stanislaus,2012,32347555,60891900,5297709
Sutter,2012,7998783,25632000,0
Tehama,2012,7699289,8143448,1407819
Trinity,2012,2662011,3414996,545294
Tulare,2012,40084792,48550031,6964691
Tuolumne,2012,12310033,5758933,780787
Ventura,2012,143011229,43151706,16678987
Yolo,2012,9577766,16048418,2016168
Yuba,2012,13459281,0,0
Alameda,2013,127499852,304784421,25351714
Alpine,2013,2671745,1008523,256778
Amador,2013,8485586,4610683,611668
Butte,2013,13698920,44389202,4473741
Calaveras,2013,7895150,4690101,960592
Colusa,2013,5330896,5247593,479316
Contra Costa,2013,95542526,125361277,10534267
Del Norte,2013,3502618,4720791,482993
El Dorado,2013,29114809,14071265,2240412
Fresno,2013,79777121,103025530,16346870
Glenn,2013,5311040,6159273,1015906
Humboldt,2013,14351845,27826262,1747821
Imperial,2013,18633417,27888189,2397520
Inyo,2013,6344153,3768327,716812
Kern,2013,99246960,94374873,11730407
Kings,2013,13134936,14430753,929490
Lake,2013,9627501,8305268,1673727
Lassen,2013,4368294,5990769,772826
Los Angeles,2013,1606687356,1572960136,187877576
Madera,2013,13028986,12577120,1001463
Marin,2013,29368407,36710191,6262440
Mariposa,2013,5147593,3104782,443581
Mendocino,2013,11094429,16090757,1618039
Merced,2013,17823187,26153015,3498586
Modoc,2013,1830184,2601052,556497
Mono,2013,6401221,1940807,485604
Monterey,2013,34866328,60196557,4148163
Napa,2013,26108288,21543331,4406369
Nevada,2013,13692859,16701434,1510353
Orange,2013,345772927,236578845,24510722
Placer,2013,56743470,31953346,0
Plumas,2013,5967814,3110233,57976
Riverside,2013,353637596,186350178,20603908
Sacramento,2013,211816029,167648792,21367813
San Benito,2013,5146423,5483527,1276909
San Bernardino,2013,303728933,212176089,0
San Diego,2013,306211682,297001609,53235207
San Joaquin,2013,56667112,77273317,12526125
San Luis Obispo,2013,29659642,36485123,6033463
San Mateo,2013,102687628,119313785,16744140
Santa Barbara,2013,66845754,58324299,8580793
Santa Clara,2013,113465318,280402596,39504864
Santa Cruz,2013,25866520,47818975,5412640
Shasta,2013,20113438,26452678,3209467
Sierra,2013,2447447,1300266,188159
Siskiyou,2013,8471665,7492262,551776
Solano,2013,62374923,46571362,5655933
Sonoma,2013,70627546,57709593,10033500
Stanislaus,2013,39494522,67099837,6333884
Sutter,2013,8147947,25688467,0
Tehama,2013,7744448,8333806,1581031
Trinity,2013,2896694,3916708,556146
Tulare,2013,38766731,49090787,6459126
Tuolumne,2013,11749235,6424511,0
Ventura,2013,145130990,44406582,16615386
Yolo,2013,9891498,15946523,1045338
Yuba,2013,11599572,289799,0
Alameda,2014,131875980,313947014,26196604
Alpine,2014,3079052,1249574,384691
Amador,2014,8510784,5044358,518572
Butte,2014,14665078,43070947,4641530
Calaveras,2014,7922505,4989150,894722
Colusa,2014,6214851,5366870,412682
Contra Costa,2014,95710065,141067378,7947387
Del Norte,2014,3632437,5323632,509051
El Dorado,2014,30636906,12402487,1534182
Fresno,2014,83190879,111118928,16346870
Glenn,2014,5208533,5968519,898943
Humboldt,2014,14722257,30406811,1785562
Imperial,2014,19528058,37657318,2256491
Inyo,2014,6654893,3753636,525186
Kern,2014,112470909,95446899,12673880
Kings,2014,13042561,15178071,1234007
Lake,2014,10434813,9415796,1748637
Lassen,2014,4802948,6394702,732562
Los Angeles,2014,1864792545,1695367329,155540413
Madera,2014,13186094,12548509,1198271
Marin,2014,31023820,40361562,6269983
Mariposa,2014,5266052,3044669,543535
Mendocino,2014,12626046,17921429,1446651
Merced,2014,19448863,29909455,3345859
Modoc,2014,1762966,2746332,672665
Mono,2014,5322199,1772868,463387
Monterey,2014,38764961,63344025,4263636
Napa,2014,26770383,20539020,4718666
Nevada,2014,14012412,17675255,1618807
Orange,2014,415660402,248032599,25395726
Placer,2014,57807234,35035137,0
Plumas,2014,6366752,3293076,549620
Riverside,2014,385852731,203895594,19651883
Sacramento,2014,204426649,168518244,21141322
San Benito,2014,5326353,5747660,1215756
San Bernardino,2014,332344144,237775500,0
San Diego,2014,330796288,291458184,52812816
San Joaquin,2014,61159438,81956186,13125016
San Luis Obispo,2014,27793838,38878835,6425759
San Mateo,2014,109808354,117412268,17934148
Santa Barbara,2014,70553803,61756559,9239425
Santa Clara,2014,122725985,304410847,44689679
Santa Cruz,2014,27461522,53044223,5095931
Shasta,2014,20008670,26595667,3195717
Sierra,2014,2243460,1264062,211318
Siskiyou,2014,8422004,7692733,684230
Solano,2014,70915421,48372635,5665231
Sonoma,2014,73983912,61094092,10188278
Stanislaus,2014,42690493,68115993,7689877
Sutter,2014,8005633,24922364,0
Tehama,2014,7868839,8801052,1855118
Trinity,2014,2727206,4333100,825649
Tulare,2014,40017541,56422187,7078478
Tuolumne,2014,10689071,6850488,0
Ventura,2014,150772621,43249921,18816886
Yolo,2014,11380912,16998171,1822201
Yuba,2014,11734572,0,16716
Alameda,2015,137149087,321185717,25472058
Alpine,2015,2747072,1378442,328409
Amador,2015,8708649,6004461,546923
Butte,2015,15166846,44290158,5219293
Calaveras,2015,8219398,4967475,896882
Colusa,2015,5555916,5198962,388835
Contra Costa,2015,112089598,145537732,9563973
Del Norte,2015,3448020,6061763,578658
El Dorado,2015,34260455,16302987,3067053
Fresno,2015,89331286,113508661,18010209
Glenn,2015,5347524,6259115,851055
Humboldt,2015,15289676,31446465,2013278
Imperial,2015,21284020,43926809,2272399
Inyo,2015,6259877,4338184,506136
Kern,2015,113785120,91254913,13341460
Kings,2015,13078064,15038122,1859249
Lake,2015,10270593,10655689,1884235
Lassen,2015,4544699,6694598,702562
Los Angeles,2015,1997046414,1681695118,162768918
Madera,2015,14712987,14406887,1497615
Marin,2015,28783781,42823903,5992203
Mariposa,2015,5577752,3596923,631438
Mendocino,2015,14417160,21181028,1307707
Merced,2015,19683706,33594342,4040898
Modoc,2015,2543876,2863489,824869
Mono,2015,4957083,1657182,500449
Monterey,2015,40328990,74202488,4446432
Napa,2015,27409847,25489323,5420235
Nevada,2015,14726658,18568124,1430767
Orange,2015,368247494,253464777,23677950
Placer,2015,61964200,40579960,0
Plumas,2015,6230304,5619018,561237
Riverside,2015,390354613,262466580,21892043
Sacramento,2015,209282671,164009012,24283934
San Benito,2015,6074087,5416049,1186945
San Bernardino,2015,331233248,250691173,0
San Diego,2015,360129158,312003622,52220808
San Joaquin,2015,66701482,91261669,16353500
San Luis Obispo,2015,29354697,39973748,9581922
San Mateo,2015,111969760,131318565,16544575
Santa Barbara,2015,72788140,80526265,11822747
Santa Clara,2015,134156247,329865874,47693670
Santa Cruz,2015,31430274,61617550,7220147
Shasta,2015,20500552,29107107,3867517
Sierra,2015,2742755,1388483,238847
Siskiyou,2015,8198197,7509483,779290
Solano,2015,74505644,54450520,5716655
Sonoma,2015,74126570,62767355,12575425
Stanislaus,2015,47198532,72295785,8794886
Sutter,2015,8505048,29831892,0
Tehama,2015,8042164,9791349,1906738
Trinity,2015,3388338,3774660,573998
Tulare,2015,40247455,53637580,9456902
Tuolumne,2015,19908164,7861840,0
Ventura,2015,157201533,49100661,19605129
Yolo,2015,11789160,20582977,1885025
Yuba,2015,13311724,0,12445
Alameda,2016,149938997,317028073,41262411
Alpine,2016,2927335,1647221,397268
Amador,2016,8838229,6531521,515865
Butte,2016,18236886,46709492,5770194
Calaveras,2016,8138462,6368633,825243
Colusa,2016,5448377,5344094,406906
Contra Costa,2016,108208162,148757179,9866233
Del Norte,2016,3766430,8037655,625811
El Dorado,2016,35260978,16342047,3901752
Fresno,2016,77758100,119038802,29377534
Glenn,2016,5409447,7193033,972372
Humboldt,2016,18416001,32525167,2184356
Imperial,2016,22182002,46056164,2359301
Inyo,2016,6447952,4591940,529119
Kern,2016,144393735,99802467,15184347
Kings,2016,13265742,16264431,1644367
Lake,2016,12142220,10230923,2081910
Lassen,2016,4788766,7713802,716648
Los Angeles,2016,2092883807,1798959997,164537234
Madera,2016,16505772,15435019,1138434
Marin,2016,29925747,49298880,7211237
Mariposa,2016,5756552,4651502,645911
Mendocino,2016,15407806,20144372,1419828
Merced,2016,20961219,36953281,4315329
Modoc,2016,2158744,2840177,810423
Mono,2016,5009701,1763722,513551
Monterey,2016,39961348,87159124,4972073
Napa,2016,29010384,25617180,4574439
Nevada,2016,15987503,19077438,1568570
Orange,2016,385600393,261559089,26226944
Placer,2016,68927708,42239635,0
Plumas,2016,6443313,5881586,509252
Riverside,2016,441221262,265866551,24808356
Sacramento,2016,236193116,115538922,25974476
San Benito,2016,6663845,5699933,1285377
San Bernardino,2016,353157620,245135590,11577788
San Diego,2016,359408442,324823785,55734759
San Joaquin,2016,69616403,93121590,17831752
San Luis Obispo,2016,33891742,44863937,11692229
San Mateo,2016,129420405,142484684,19976293
Santa Barbara,2016,72202279,81677298,11401874
Santa Clara,2016,145417165,364605746,52313789
Santa Cruz,2016,34286129,57522525,7839494
Shasta,2016,21943529,27683688,3114954
Sierra,2016,2951094,1565114,228513
Siskiyou,2016,8362558,7965459,745868
Solano,2016,80636024,61209971,5764037
Sonoma,2016,78372406,69784436,11079459
Stanislaus,2016,54030063,80079445,9690648
Sutter,2016,8834636,29107079,0
Tehama,2016,8493430,11088024,1739660
Trinity,2016,3909192,4512253,723016
Tulare,2016,42771295,50681028,9208602
Tuolumne,2016,13860322,8460046,0
Ventura,2016,166128659,60422765,21178495
Yolo,2016,13403002,24144132,1886067
Yuba,2016,14467457,0,10647
Alameda,2017,131273889,349858016,34243355
Alpine,2017,3004556,1742850,347471
Amador,2017,8999250,7003177,508222
Butte,2017,17772181,54470633,6995960
Calaveras,2017,8896076,8326225,1062998
Colusa,2017,5517704,5473500,499270
Contra Costa,2017,148292860,150078794,11557078
Del Norte,2017,3656555,8389182,633926
El Dorado,2017,35436007,17106033,3361321
Fresno,2017,188012000,NULL,NULL
Glenn,2017,5589626,8044619,968475
Humboldt,2017,16277810,32288300,2081746
Imperial,2017,23401326,59073262,3401260
Inyo,2017,7149909,4631617,583607
Kern,2017,105656922,112982545,16905716
Kings,2017,15490474,19076681,1859201
Lake,2017,11461846,10541300,2019739
Lassen,2017,5551831,8000508,824522
Los Angeles,2017,2106697185,1748866028,184672927
Madera,2017,16741572,18395723,1211981
Marin,2017,38314166,50859896,8526955
Mariposa,2017,6117419,5686756,450367
Mendocino,2017,15392143,22456422,2096274
Merced,2017,26366409,44753099,NULL
Modoc,2017,2291988,3039395,753455
Mono,2017,6377947,1781880,501421
Monterey,2017,44285182,91817233,5532583
Napa,2017,30702351,25594754,4485708
Nevada,2017,17640522,20416451,1445866
Orange,2017,422859234,292421970,26306567
Placer,2017,70279472,45447074,NULL
Plumas,2017,6575872,7762147,463315
Riverside,2017,448575944,283156003,37667091
Sacramento,2017,301785000,223639000,31432000
San Benito,2017,6334201,5245987,1162475
San Bernardino,2017,360864325,279245676,14106751
San Diego,2017,373344412,368299766,59315717
San Joaquin,2017,73129772,101914728,18627179
San Luis Obispo,2017,35114234,50383744,11621064
San Mateo,2017,133929951,153667418,21706113
Santa Barbara,2017,75226214,85878771,12031378
Santa Clara,2017,162099942,428651793,NULL
Santa Cruz,2017,36481866,57741934,8124857
Shasta,2017,22881835,31980058,3281289
Sierra,2017,2962335,1880001,247486
Siskiyou,2017,8088033,9113498,1483800
Solano,2017,86488367,69051264,5258384
Sonoma,2017,84069011,66682858,10625639
Stanislaus,2017,54488244,91926616,10801413
Sutter,2017,17787734,32517225,522889
Tehama,2017,9249862,11196958,1647442
Trinity,2017,3837247,4893494,856416
Tulare,2017,44952206,49908459,10258973
Tuolumne,2017,14401180,8863405,NULL
Ventura,2017,167615812,58160419,22870488
Yolo,2017,12824122,28356943,1835271
Yuba,2017,13156645,NULL,NULL
Alameda,2018,138201018,348740964,45287864
Alpine,2018,3042870,2058250,244990
Amador,2018,9807134,6831749,528517
Butte,2018,21209986,60922752,6383167
Calaveras,2018,9355713,8867676,1035656
Colusa,2018,5944928,5504283,437350
Contra Costa,2018,164551302,164159201,13157544
Del Norte,2018,3713364,8152906,665621
El Dorado,2018,40677657,18996426,3376823
Fresno,2018,198202000,NULL,NULL
Glenn,2018,6973701,8920092,1009604
Humboldt,2018,20990104,40446869,1979638
Imperial,2018,22844622,62821515,2491300
Inyo,2018,7017864,5282187,668464
Kern,2018,108877835,135232784,15659109
Kings,2018,14223666,19015372,3136070
Lake,2018,11260005,10796199,1901152
Lassen,2018,5284280,8250335,791390
Los Angeles,2018,1953642847,2150248257,248514435
Madera,2018,18514741,19931383,1184262
Marin,2018,39385629,56063897,10081775
Mariposa,2018,6797884,7002762,636152
Mendocino,2018,16499918,29626826,1917280
Merced,2018,28178199,48885874,NULL
Modoc,2018,2435722,3153005,644975
Mono,2018,7138339,2134557,567277
Monterey,2018,44837109,101253098,5403721
Napa,2018,33382116,28808820,4569932
Nevada,2018,15578759,20232603,1630456
Orange,2018,455391416,351487095,27503653
Placer,2018,76006179,49304060,NULL
Plumas,2018,6713447,9331101,414235
Riverside,2018,434134635,322629190,49388419
Sacramento,2018,309390000,232065000,39860000
San Benito,2018,7080168,5533295,1298603
San Bernardino,2018,382907721,307722312,17339121
San Diego,2018,454154947,451717981,91192547
San Joaquin,2018,76963664,108951633,19220812
San Luis Obispo,2018,38751392,55786245,13007918
San Mateo,2018,141494790,168369961,25830438
Santa Barbara,2018,85515545,85803302,12064109
Santa Clara,2018,170368891,462254495,NULL
Santa Cruz,2018,38260599,59656563,11808497
Shasta,2018,21314335,36975678,5082339
Sierra,2018,2677974,2047267,285729
Siskiyou,2018,8865799,9990578,1006806
Solano,2018,89077321,70520616,5694513
Sonoma,2018,87728146,73846486,12031906
Stanislaus,2018,57181030,97328729,12230035
Sutter,2018,17290826,36503449,4935
Tehama,2018,9095763,11971019,1710406
Trinity,2018,3783571,5508544,758533
Tulare,2018,48548055,52874083,10555219
Tuolumne,2018,14190834,10155250,NULL
Ventura,2018,172560234,64833475,21959141
Yolo,2018,13647988,28861699,1940678
Yuba,2018,13773939,NULL,NULL
Alameda,2019,173093190,394644357,40918435
Alpine,2019,3263511,3614398,286261
Amador,2019,10135122,6068128,722101
Butte,2019,26180887,64085249,7197735
Calaveras,2019,10647359,7981340,1163588
Colusa,2019,6964351,6092257,417120
Contra Costa,2019,171677817,184922539,20117053
Del Norte,2019,3872792,9657530,599048
El Dorado,2019,41591377,23745267,3527323
Fresno,2019,234462000,NULL,NULL
Glenn,2019,7823759,9638169,1463899
Humboldt,2019,19902712,46463028,1905660
Imperial,2019,24267791,57921025,5692476
Inyo,2019,7305887,5472446,721531
Kern,2019,119211758,164169449,25078739
Kings,2019,16062765,23256928,4016978
Lake,2019,11895513,11857611,2589301
Lassen,2019,5801967,7989616,854806
Los Angeles,2019,2111488987,2302347333,284646479
Madera,2019,21905331,21794699,2144583
Marin,2019,40048985,60719999,9080140
Mariposa,2019,7112826,8368397,675690
Mendocino,2019,16861921,30902983,1976905
Merced,2019,29349071,54109133,NULL
Modoc,2019,2575903,3696362,520108
Mono,2019,7471883,3156378,396738
Monterey,2019,47288640,113826084,7169324
Napa,2019,35331674,27125349,4433817
Nevada,2019,17474711,21024693,2469946
Orange,2019,472438253,368455884,34160224
Placer,2019,81542937,60993234,NULL
Plumas,2019,7581897,7888749,303964
Riverside,2019,455986252,323453280,57434416
Sacramento,2019,345160000,260270000,34860000
San Benito,2019,7049789,7228012,1363275
San Bernardino,2019,391151711,360714934,24762628
San Diego,2019,516880181,423900902,125955946
San Joaquin,2019,84206570,114905349,22174395
San Luis Obispo,2019,38526526,57914708,15650350
San Mateo,2019,156198297,172060037,26555824
Santa Barbara,2019,81059152,88685719,13739901
Santa Clara,2019,172277737,517188819,NULL
Santa Cruz,2019,42642706,63106679,12721121
Shasta,2019,21586171,41259994,5047210
Sierra,2019,2726937,2217758,218146
Siskiyou,2019,8788519,10442735,947763
Solano,2019,93703621,77200796,8769827
Sonoma,2019,87881527,76145145,11901003
Stanislaus,2019,60173031,104899073,14227751
Sutter,2019,21108415,43383922,1482
Tehama,2019,8977883,11479051,2047878
Trinity,2019,4138443,4714154,745007
Tulare,2019,53307829,61863607,11967886
Tuolumne,2019,14469092,9867872,NULL
Ventura,2019,178854389,72307069,26636931
Yolo,2019,15561581,34969944,4271340
Yuba,2019,14716864,NULL,NULL